Alter;Einkommen;Preis;Geschlecht;Zeit;KundeNr;Besucher;Kauf;Niederlassung
64;66894.0;88160.31;1.0;43;K0310;0;1;Bayern
54;77644.0;103145.7;1.0;40;K1042;0;1;Berlin
55;44341.0;80565.16;0.0;37;K0382;0;1;Baden-Württemberg
49;67271.0;83949.89;0.0;42;K0498;0;1;Bayern
46;49832.0;93781.58;0.0;41;K0552;0;1;Hessen
59;62970.0;83862.47;1.0;56;K0833;0;1;Hessen
36;23660.0;49960.18;1.0;23;K0097;0;1;Thüringen
50;62422.0;94530.65;1.0;38;K0290;0;1;Thüringen
32;34112.0;62280.35;1.0;36;K0950;0;1;Bayern
62;77546.0;124857.23;1.0;52;K0102;0;1;Baden-Württemberg
68;77662.0;118227.18;1.0;54;K1098;0;1;Thüringen
45;68432.0;82849.76;0.0;39;K0071;0;1;Berlin
51;37169.0;57319.84;0.0;31;K1023;0;1;Sachsen
65;78613.0;114603.28;1.0;50;K0482;0;1;Baden-Württemberg
53;69721.0;98479.34;1.0;54;K0440;0;1;Hessen
62;62350.0;84761.44;1.0;42;K0877;0;1;Hessen
34;57844.0;62302.49;1.0;54;K0295;0;1;Nordrhein-Westfalen
55;44222.0;78218.77;1.0;37;K0329;0;1;Bayern
53;74381.0;120881.72;0.0;57;K0433;0;1;Nordrhein-Westfalen
57;45095.0;77157.15;0.0;42;K0142;0;1;Baden-Württemberg
43;52813.0;67106.32;0.0;44;K0762;0;1;Berlin
46;49340.0;69960.66;0.0;47;K0459;0;1;Nordrhein-Westfalen
62;89774.0;117051.99;1.0;72;K0865;0;1;Sachsen
55;66861.0;97465.12;0.0;54;K1001;0;1;Bayern
66;84822.0;118968.62;0.0;56;K0889;0;1;Hessen
59;91693.0;121840.18;1.0;52;K0917;0;1;Bayern
67;61517.0;80799.11;0.0;43;K0537;0;1;Niedersachsen
66;78548.0;121289.35;0.0;69;K0362;0;1;Sachsen
40;61386.0;81555.07;0.0;53;K0856;0;1;Niedersachsen
41;45016.0;65106.71;0.0;39;K0399;0;1;Niedersachsen
30;39302.0;71437.17;1.0;35;K0448;0;1;Baden-Württemberg
65;83431.0;119640.51;1.0;65;K0210;0;1;Baden-Württemberg
48;46259.0;73400.97;1.0;29;K0502;0;1;Baden-Württemberg
53;56160.0;93839.56;1.0;38;K0782;0;1;Nordrhein-Westfalen
37;47689.0;73619.96;0.0;20;K0912;0;1;Hessen
55;56264.0;83364.29;1.0;40;K0412;0;1;Baden-Württemberg
34;27844.0;41694.48;0.0;36;K0690;0;1;Bayern
43;72619.0;94619.66;1.0;56;K0698;0;1;Berlin
57;51842.0;70527.14;0.0;51;K0045;0;1;Sachsen
39;16051.0;24654.09;0.0;29;K0535;0;1;Hamburg
55;63325.0;89117.31;0.0;46;K0766;0;1;Berlin
58;64638.0;98621.47;1.0;46;K0335;0;1;Bayern
44;54514.0;80645.05;1.0;53;K0695;0;1;Hessen
39;44538.0;74086.48;0.0;40;K0603;0;1;Bayern
65;96471.0;145684.18;1.0;55;K0520;0;1;Nordrhein-Westfalen
36;35235.0;67764.25;1.0;22;K0468;0;1;Nordrhein-Westfalen
36;41489.0;63321.68;1.0;47;K1047;0;1;Baden-Württemberg
70;77553.0;119128.85;1.0;58;K0619;0;1;Bayern
62;62829.0;96175.78;1.0;42;K0449;0;1;Baden-Württemberg
50;67714.0;90616.13;0.0;55;K0919;0;1;Hessen
69;73444.0;115561.62;1.0;47;K0052;0;1;Niedersachsen
52;49778.0;72763.75;1.0;44;K0732;0;1;Thüringen
46;61088.0;117616.31;1.0;48;K0622;0;1;Berlin
40;61057.0;77084.28;0.0;47;K0735;0;1;Baden-Württemberg
35;52067.0;67345.58;1.0;44;K0199;0;1;Berlin
58;64180.0;98148.01;1.0;51;K0057;0;1;Baden-Württemberg
41;39630.0;80659.67;1.0;41;K0507;0;1;Bayern
46;67665.0;83620.57;0.0;50;K0299;0;1;Berlin
40;43103.0;77219.0;0.0;33;K0531;0;1;Berlin
35;39813.0;60757.87;0.0;31;K0998;0;1;Niedersachsen
40;45448.0;70066.79;0.0;40;K0193;0;1;Baden-Württemberg
61;90246.0;111436.45;0.0;61;K0139;0;1;Bayern
65;60323.0;90362.92;1.0;47;K0588;0;1;Niedersachsen
57;70535.0;88743.79;1.0;46;K0406;0;1;Nordrhein-Westfalen
64;76331.0;108153.91;1.0;52;K0630;0;1;Baden-Württemberg
53;57988.0;114801.87;1.0;45;K0713;0;1;Nordrhein-Westfalen
35;58838.0;81539.66;1.0;47;K1056;0;1;Sachsen
68;89783.0;138190.26;1.0;73;K0957;0;1;Baden-Württemberg
64;69256.0;110341.3;1.0;47;K0110;0;1;Berlin
46;47284.0;62114.5;0.0;46;K0278;0;1;Niedersachsen
66;63799.0;109159.01;1.0;48;K0032;0;1;Brandenburg
40;47192.0;72220.0;0.0;48;K0087;0;1;Sachsen
41;42992.0;65811.72;1.0;38;K0454;0;1;Bayern
37;45503.0;50836.91;1.0;35;K0089;0;1;Nordrhein-Westfalen
51;66908.0;93021.39;1.0;65;K0108;0;1;Bayern
38;34983.0;39236.62;0.0;33;K0333;0;1;Hamburg
43;38995.0;61300.12;1.0;43;K0944;0;1;Nordrhein-Westfalen
64;60640.0;92602.45;1.0;46;K0774;0;1;Baden-Württemberg
46;62061.0;105588.24;1.0;43;K0716;0;1;Nordrhein-Westfalen
55;63152.0;101027.77;1.0;46;K1029;0;1;Niedersachsen
63;65114.0;102718.58;1.0;47;K0466;0;1;Berlin
31;45575.0;67425.51;1.0;41;K0729;0;1;Bayern
39;48855.0;68265.8;1.0;46;K0426;0;1;Hessen
68;84070.0;122645.18;1.0;63;K0573;0;1;Brandenburg
68;83899.0;128052.56;0.0;59;K0523;0;1;Berlin
55;81244.0;108119.52;1.0;58;K0614;0;1;Hamburg
44;40928.0;68349.12;0.0;36;K0938;0;1;Niedersachsen
53;30821.0;58450.55;1.0;26;K0011;0;1;Nordrhein-Westfalen
33;46732.0;78942.39;1.0;37;K1094;0;1;Berlin
61;59597.0;104647.51;0.0;47;K0934;0;1;Baden-Württemberg
53;63147.0;105317.06;1.0;47;K0725;0;1;Hamburg
31;30572.0;47857.93;0.0;31;K0328;0;1;Thüringen
31;24944.0;31094.22;1.0;35;K0179;0;1;Hessen
57;37682.0;48170.28;0.0;45;K0568;0;1;Berlin
42;68945.0;88842.18;1.0;49;K0974;0;1;Berlin
49;32964.0;49823.49;0.0;29;K0591;0;1;Bayern
37;55505.0;61612.78;1.0;39;K0952;0;1;Berlin
40;50626.0;75452.53;1.0;40;K0586;0;1;Sachsen
43;45517.0;63320.19;0.0;33;K0114;0;1;Hessen
60;60569.0;89849.34;0.0;52;K0843;0;1;Brandenburg
68;94307.0;139799.0;0.0;56;K0334;0;1;Berlin
46;50946.0;83406.88;0.0;32;K0050;0;1;Nordrhein-Westfalen
63;92456.0;141292.39;0.0;57;K0060;0;1;Bayern
69;80400.0;120052.16;0.0;54;K0945;0;1;Berlin
50;55477.0;88889.58;1.0;46;K1028;0;1;Hamburg
35;25203.0;48554.06;1.0;37;K0755;0;1;Brandenburg
49;34170.0;53806.21;0.0;30;K0274;0;1;Hessen
35;53806.0;84195.58;1.0;45;K0949;0;1;Berlin
50;35262.0;55722.36;0.0;25;K0585;0;1;Berlin
55;79794.0;118498.73;1.0;54;K0784;0;1;Hessen
41;46542.0;63477.0;1.0;40;K0024;0;1;Baden-Württemberg
62;72626.0;109158.35;1.0;59;K0219;0;1;Baden-Württemberg
68;77118.0;83418.33;1.0;47;K0159;0;1;Berlin
47;56965.0;86689.81;0.0;41;K0532;0;1;Niedersachsen
48;67923.0;104683.62;0.0;41;K0211;0;1;Sachsen
63;55422.0;81784.14;0.0;40;K0680;0;1;Sachsen
50;64086.0;92285.2;1.0;34;K1035;0;1;Sachsen
51;72996.0;124497.54;0.0;50;K0813;0;1;Bayern
34;25970.0;45444.01;0.0;33;K0981;0;1;Bayern
30;42551.0;58706.65;1.0;46;K0084;0;1;Niedersachsen
58;73890.0;100147.52;0.0;48;K0982;0;1;Sachsen
39;59413.0;80369.74;0.0;44;K0421;0;1;Baden-Württemberg
60;51460.0;80985.24;1.0;31;K0834;0;1;Sachsen
51;72225.0;120296.65;0.0;52;K0826;0;1;Nordrhein-Westfalen
46;65611.0;85435.92;1.0;54;K0721;0;1;Thüringen
61;57745.0;102766.17;1.0;49;K0129;0;1;Baden-Württemberg
35;38580.0;47131.37;1.0;44;K0360;0;1;Baden-Württemberg
36;55185.0;64034.01;0.0;50;K0276;0;1;Nordrhein-Westfalen
58;52599.0;88810.94;1.0;47;K0954;0;1;Sachsen
32;31090.0;59413.64;1.0;29;K0320;0;1;Baden-Württemberg
58;59695.0;99547.37;1.0;43;K0077;0;1;Bayern
66;73497.0;104863.39;1.0;47;K0618;0;1;Baden-Württemberg
49;40198.0;62115.3;1.0;52;K0209;0;1;Bayern
37;43760.0;63570.42;1.0;35;K0571;0;1;Hessen
68;70277.0;130143.33;1.0;48;K0221;0;1;Bayern
56;66786.0;108886.48;1.0;55;K0287;0;1;Berlin
47;57545.0;70459.81;1.0;45;K0789;0;1;Niedersachsen
48;47153.0;67603.44;0.0;20;K0378;0;1;Sachsen
48;30477.0;53902.36;1.0;29;K0244;0;1;Niedersachsen
36;47319.0;76696.47;0.0;43;K0140;0;1;Sachsen
36;39697.0;60883.05;0.0;48;K0232;0;1;Sachsen
40;59298.0;96941.73;1.0;40;K0994;0;1;Sachsen
100;88749.0;119134.23;0.0;64;K0494;0;1;Bayern
35;51556.0;73467.98;1.0;46;K0631;0;1;Bayern
69;82036.0;118543.95;0.0;52;K0372;0;1;Berlin
56;69651.0;123769.4;1.0;54;K0709;0;1;Baden-Württemberg
62;62114.0;87670.86;1.0;44;K0271;0;1;Berlin
37;37168.0;55031.56;1.0;30;K0815;0;1;Bayern
31;41983.0;43660.45;1.0;50;K0968;0;1;Baden-Württemberg
36;46427.0;57408.1;1.0;28;K1055;0;1;Bayern
70;63937.0;121009.5;0.0;46;K0157;0;1;Hessen
33;23596.0;44008.34;1.0;27;K0862;0;1;Baden-Württemberg
56;67000.0;117255.91;1.0;63;K0964;0;1;Baden-Württemberg
56;57640.0;83811.43;0.0;46;K0986;0;1;Niedersachsen
65;86078.0;133381.03;0.0;68;K1030;0;1;Thüringen
55;62380.0;92302.99;0.0;64;K0465;0;1;Niedersachsen
30;49606.0;76579.11;0.0;34;K0079;0;1;Baden-Württemberg
32;50330.0;49540.28;1.0;27;K0175;0;1;Bayern
32;28303.0;57388.47;0.0;26;K0809;0;1;Bayern
64;93624.0;126237.04;1.0;55;K0791;0;1;Bayern
64;85374.0;121684.52;1.0;62;K0528;0;1;Baden-Württemberg
50;41164.0;74268.93;1.0;31;K0644;0;1;Nordrhein-Westfalen
62;80179.0;138650.02;1.0;56;K0332;0;1;Niedersachsen
43;44559.0;74144.49;1.0;22;K0040;0;1;Sachsen
32;40277.0;42093.26;1.0;34;K0031;0;1;Bayern
63;63391.0;105484.64;0.0;43;K0814;0;1;Berlin
65;77918.0;104728.1;1.0;62;K0137;0;1;Nordrhein-Westfalen
35;53464.0;82821.95;1.0;41;K0055;0;1;Bayern
65;58549.0;97388.62;1.0;38;K0812;0;1;Baden-Württemberg
34;55070.0;67139.29;0.0;46;K0717;0;1;Berlin
60;70296.0;94507.15;1.0;46;K0526;0;1;Niedersachsen
50;70355.0;104977.17;0.0;50;K1063;0;1;Niedersachsen
51;75335.0;110590.22;0.0;50;K0324;0;1;Sachsen
47;48751.0;79984.29;1.0;43;K0632;0;1;Berlin
37;48957.0;76412.36;0.0;36;K0004;0;1;Bayern
33;35813.0;54223.32;1.0;31;K0431;0;1;Bayern
70;90763.0;149827.25;1.0;74;K0505;0;1;Sachsen
36;59150.0;63818.75;0.0;46;K1072;0;1;Thüringen
30;51957.0;86152.97;1.0;37;K0689;0;1;Bayern
66;67768.0;125157.59;1.0;54;K1014;0;1;Sachsen
58;65162.0;106934.76;1.0;56;K0261;0;1;Bayern
51;54077.0;77842.13;1.0;48;K0200;0;1;Berlin
55;68245.0;112358.24;0.0;52;K0059;0;1;Baden-Württemberg
60;68926.0;91715.99;1.0;39;K0064;0;1;Bayern
67;87538.0;120582.75;1.0;53;K0702;0;1;Berlin
44;57008.0;77339.83;0.0;43;K0714;0;1;Thüringen
68;62116.0;98786.45;0.0;44;K0366;0;1;Hamburg
63;85695.0;114451.46;1.0;61;K0101;0;1;Brandenburg
61;65117.0;102799.87;0.0;49;K0169;0;1;Bayern
69;63958.0;106491.22;1.0;42;K0540;0;1;Nordrhein-Westfalen
51;64228.0;85280.73;0.0;46;K0356;0;1;Bayern
53;68587.0;94955.06;0.0;61;K0248;0;1;Hamburg
49;66068.0;93925.34;1.0;51;K0569;0;1;Berlin
61;74008.0;110730.9;1.0;62;K1074;0;1;Hessen
61;91903.0;111764.41;0.0;60;K0389;0;1;Sachsen
40;45828.0;93946.55;1.0;46;K1024;0;1;Niedersachsen
59;78591.0;121131.95;1.0;66;K1080;0;1;Nordrhein-Westfalen
49;74627.0;102198.45;1.0;65;K0887;0;1;Bayern
64;86943.0;126122.42;1.0;68;K0480;0;1;Thüringen
31;22137.0;38697.44;1.0;20;K1046;0;1;Nordrhein-Westfalen
43;70304.0;83886.2;1.0;52;K0067;0;1;Thüringen
37;31911.0;49510.98;0.0;34;K0615;0;1;Hessen
52;49657.0;89589.3;1.0;46;K0068;0;1;Nordrhein-Westfalen
45;57880.0;98898.93;0.0;44;K0245;0;1;Nordrhein-Westfalen
69;89082.0;124730.66;1.0;66;K0013;0;1;Nordrhein-Westfalen
52;59767.0;90442.28;1.0;52;K0355;0;1;Berlin
34;51868.0;87676.29;1.0;33;K0757;0;1;Baden-Württemberg
55;62186.0;90301.78;0.0;38;K0463;0;1;Niedersachsen
33;45811.0;64066.66;1.0;40;K0297;0;1;Berlin
59;66293.0;91936.18;0.0;44;K0637;0;1;Baden-Württemberg
51;65955.0;122657.88;0.0;44;K0753;0;1;Bayern
30;18515.0;41027.79;1.0;30;K0185;0;1;Bayern
49;55986.0;71207.17;1.0;37;K0343;0;1;Bayern
61;72725.0;109982.32;1.0;42;K0582;0;1;Baden-Württemberg
34;60319.0;77978.88;0.0;51;K0238;0;1;Niedersachsen
47;55536.0;76897.16;0.0;37;K0483;0;1;Bayern
62;76222.0;107580.68;1.0;56;K1058;0;1;Hessen
53;50089.0;90472.38;1.0;39;K0322;0;1;Bayern
33;38675.0;56493.4;1.0;13;K0983;0;1;Baden-Württemberg
33;35064.0;48350.07;1.0;39;K0925;0;1;Berlin
30;42861.0;74561.85;1.0;42;K0772;0;1;Baden-Württemberg
54;57917.0;94386.02;1.0;47;K1007;0;1;Niedersachsen
64;78797.0;109839.35;1.0;65;K0257;0;1;Bayern
59;59443.0;99016.21;0.0;46;K0291;0;1;Baden-Württemberg
57;56668.0;95820.3;0.0;37;K0293;0;1;Brandenburg
44;48195.0;85705.57;1.0;29;K0003;0;1;Hessen
48;44481.0;63604.43;1.0;30;K0007;0;1;Nordrhein-Westfalen
40;50097.0;73036.86;0.0;38;K0902;0;1;Hamburg
69;74462.0;110415.92;1.0;36;K0391;0;1;Berlin
69;88545.0;130019.9;1.0;58;K1085;0;1;Bayern
60;89512.0;145466.52;1.0;59;K0319;0;1;Nordrhein-Westfalen
31;37149.0;65317.0;1.0;29;K0886;0;1;Hamburg
66;77961.0;121393.97;0.0;40;K0963;0;1;Niedersachsen
31;56282.0;81611.9;0.0;43;K0883;0;1;Thüringen
61;72965.0;117298.71;0.0;52;K0216;0;1;Bayern
45;82896.0;116749.66;1.0;53;K0266;0;1;Thüringen
38;44329.0;48028.91;0.0;29;K0534;0;1;Hessen
65;80375.0;121858.27;1.0;64;K0874;0;1;Niedersachsen
30;55132.0;74760.4;0.0;55;K0597;0;1;Nordrhein-Westfalen
41;53816.0;68749.31;1.0;34;K0446;0;1;Baden-Württemberg
61;82624.0;134755.8;1.0;59;K1100;0;1;Berlin
55;75863.0;96369.11;1.0;60;K0763;0;1;Hessen
46;67111.0;93112.35;1.0;55;K0658;0;1;Hessen
57;78848.0;122846.97;1.0;59;K0300;0;1;Sachsen
68;66119.0;107741.21;0.0;59;K0799;0;1;Brandenburg
57;73224.0;94361.83;1.0;49;K0617;0;1;Berlin
35;20317.0;60372.24;0.0;24;K0368;0;1;Hessen
44;42754.0;69418.9;0.0;35;K0894;0;1;Berlin
43;33444.0;63707.22;1.0;36;K0347;0;1;Nordrhein-Westfalen
30;47328.0;72459.7;0.0;45;K0429;0;1;Nordrhein-Westfalen
63;88113.0;123910.94;1.0;72;K0705;0;1;Baden-Württemberg
54;53037.0;88479.15;1.0;44;K0026;0;1;Nordrhein-Westfalen
60;94859.0;138156.74;1.0;61;K0425;0;1;Hessen
60;66507.0;103384.25;1.0;41;K0975;0;1;Niedersachsen
65;45863.0;88037.39;0.0;47;K1011;0;1;Brandenburg
37;28037.0;37558.95;0.0;24;K0980;0;1;Brandenburg
69;89976.0;129284.1;1.0;71;K0107;0;1;Bayern
33;69142.0;107174.44;1.0;52;K0056;0;1;Hessen
66;86491.0;127825.69;1.0;59;K0381;0;1;Nordrhein-Westfalen
48;66286.0;88275.44;1.0;38;K0214;0;1;Niedersachsen
56;67292.0;90615.29;1.0;54;K0121;0;1;Bayern
52;43463.0;57784.07;1.0;26;K0881;0;1;Brandenburg
36;57337.0;95615.03;0.0;53;K0553;0;1;Berlin
53;54940.0;82628.47;1.0;45;K0073;0;1;Berlin
42;44277.0;67064.45;1.0;39;K0629;0;1;Nordrhein-Westfalen
31;38149.0;46875.9;1.0;43;K0353;0;1;Nordrhein-Westfalen
38;57891.0;73104.4;1.0;38;K0508;0;1;Bayern
44;56488.0;99913.03;1.0;39;K0850;0;1;Bayern
57;66341.0;85104.71;0.0;38;K0627;0;1;Nordrhein-Westfalen
62;79285.0;121004.55;1.0;49;K0443;0;1;Nordrhein-Westfalen
53;62592.0;93932.46;1.0;48;K0307;0;1;Baden-Württemberg
63;60374.0;92221.35;1.0;38;K0352;0;1;Baden-Württemberg
44;63671.0;102706.73;0.0;48;K0775;0;1;Nordrhein-Westfalen
68;69381.0;102303.37;1.0;45;K0524;0;1;Berlin
66;74011.0;116589.56;1.0;56;K0696;0;1;Baden-Württemberg
51;63650.0;95477.5;1.0;54;K1069;0;1;Baden-Württemberg
62;73034.0;104459.86;1.0;38;K0579;0;1;Thüringen
60;51150.0;94420.15;1.0;38;K0309;0;1;Baden-Württemberg
38;45935.0;76303.93;0.0;49;K0478;0;1;Brandenburg
39;45873.0;75731.69;1.0;47;K0061;0;1;Hessen
37;38116.0;77480.16;0.0;29;K0606;0;1;Nordrhein-Westfalen
34;52606.0;83864.29;1.0;42;K0093;0;1;Bayern
33;35069.0;43110.27;0.0;29;K0719;0;1;Berlin
43;56948.0;67634.12;1.0;35;K0923;0;1;Berlin
31;30362.0;34904.28;0.0;31;K0783;0;1;Niedersachsen
51;68806.0;98128.97;0.0;61;K0281;0;1;Sachsen
62;86770.0;112809.13;1.0;63;K0825;0;1;Berlin
63;83693.0;119357.7;1.0;70;K0424;0;1;Bayern
37;56641.0;59783.06;0.0;50;K0345;0;1;Bayern
61;60160.0;100767.22;1.0;53;K0183;0;1;Baden-Württemberg
34;46577.0;71156.2;1.0;30;K0544;0;1;Hessen
60;62903.0;125573.59;1.0;47;K0838;0;1;Brandenburg
30;34125.0;46414.4;1.0;30;K0111;0;1;Nordrhein-Westfalen
43;50963.0;76275.31;0.0;34;K0405;0;1;Thüringen
32;38008.0;59823.29;1.0;17;K0598;0;1;Berlin
41;53363.0;75926.68;1.0;38;K0533;0;1;Brandenburg
53;47966.0;73902.32;1.0;39;K0486;0;1;Nordrhein-Westfalen
32;45461.0;69182.41;1.0;36;K0742;0;1;Niedersachsen
47;55494.0;83850.57;0.0;38;K0928;0;1;Baden-Württemberg
47;55524.0;67983.37;0.0;41;K0262;0;1;Bayern
70;67872.0;114545.55;0.0;44;K0495;0;1;Baden-Württemberg
30;54381.0;83223.78;1.0;42;K0550;0;1;Thüringen
63;66597.0;83837.24;0.0;40;K0727;0;1;Baden-Württemberg
55;60489.0;105741.8;1.0;47;K1003;0;1;Bayern
42;53324.0;79456.84;1.0;38;K0138;0;1;Baden-Württemberg
60;60911.0;97769.6;0.0;52;K0596;0;1;Baden-Württemberg
62;74323.0;103270.9;1.0;46;K0363;0;1;Berlin
67;73888.0;111202.84;1.0;51;K0896;0;1;Baden-Württemberg
64;72974.0;106325.73;1.0;36;K0653;0;1;Thüringen
39;39225.0;83313.68;1.0;29;K0667;0;1;Niedersachsen
50;57036.0;95823.72;1.0;40;K0671;0;1;Hessen
44;52043.0;72895.13;1.0;42;K0030;0;1;Sachsen
53;49798.0;61329.51;1.0;39;K0166;0;1;Nordrhein-Westfalen
62;96569.0;140745.65;0.0;80;K0249;0;1;Bayern
58;59308.0;73667.3;0.0;50;K0308;0;1;Hamburg
43;50456.0;88108.0;1.0;34;K0785;0;1;Bayern
48;61627.0;82405.97;1.0;53;K0669;0;1;Nordrhein-Westfalen
64;63436.0;95562.13;0.0;45;K0337;0;1;Baden-Württemberg
30;55391.0;61951.79;0.0;39;K0868;0;1;Brandenburg
38;54535.0;79772.26;1.0;49;K0765;0;1;Nordrhein-Westfalen
58;49680.0;77792.44;0.0;43;K0452;0;1;Sachsen
41;39800.0;79421.65;1.0;45;K0410;0;1;Niedersachsen
42;41390.0;58786.52;1.0;34;K0675;0;1;Hamburg
50;69342.0;115292.51;0.0;42;K0583;0;1;Niedersachsen
37;66398.0;101131.52;1.0;46;K0066;0;1;Nordrhein-Westfalen
42;59171.0;85183.22;1.0;52;K0491;0;1;Baden-Württemberg
41;42509.0;61738.05;0.0;37;K0984;0;1;Baden-Württemberg
34;24811.0;57541.73;1.0;12;K0395;0;1;Hamburg
69;76932.0;133380.54;1.0;48;K0255;0;1;Bayern
51;48813.0;52577.91;0.0;28;K0800;0;1;Sachsen
61;49390.0;85180.08;0.0;33;K0313;0;1;Thüringen
30;50998.0;95539.65;1.0;38;K0888;0;1;Baden-Württemberg
47;55841.0;70169.26;1.0;60;K0222;0;1;Baden-Württemberg
30;24933.0;40285.18;0.0;26;K0236;0;1;Hamburg
57;58882.0;80802.02;1.0;48;K0436;0;1;Berlin
41;49499.0;77389.91;1.0;34;K0602;0;1;Hamburg
66;82969.0;138621.96;0.0;62;K0306;0;1;Hessen
53;44034.0;69020.15;1.0;40;K0479;0;1;Hamburg
62;65422.0;113261.61;1.0;48;K0650;0;1;Bayern
56;84320.0;104544.82;1.0;62;K1049;0;1;Baden-Württemberg
53;63121.0;82460.27;0.0;49;K0250;0;1;Nordrhein-Westfalen
39;40699.0;66612.75;1.0;34;K1038;0;1;Niedersachsen
45;45230.0;91201.91;0.0;32;K0584;0;1;Nordrhein-Westfalen
47;56068.0;88529.55;1.0;52;K0072;0;1;Hamburg
70;94606.0;139830.32;1.0;58;K0095;0;1;Berlin
50;47571.0;83365.24;0.0;39;K0034;0;1;Baden-Württemberg
39;54801.0;84900.44;0.0;42;K0722;0;1;Baden-Württemberg
54;55785.0;90085.01;1.0;38;K0260;0;1;Berlin
35;32553.0;66814.09;0.0;19;K0205;0;1;Nordrhein-Westfalen
55;65084.0;104045.73;1.0;38;K0778;0;1;Baden-Württemberg
52;61228.0;81411.98;0.0;55;K0694;0;1;Nordrhein-Westfalen
59;78492.0;122336.16;1.0;56;K0768;0;1;Berlin
44;46659.0;87048.58;1.0;36;K0078;0;1;Bayern
37;48042.0;54313.59;1.0;36;K0085;0;1;Nordrhein-Westfalen
36;60066.0;78126.13;1.0;36;K1064;0;1;Baden-Württemberg
53;58050.0;78625.3;1.0;37;K0083;0;1;Niedersachsen
35;48079.0;65670.65;0.0;39;K0828;0;1;Niedersachsen
34;29899.0;45878.08;0.0;24;K0527;0;1;Bayern
61;56063.0;98148.54;1.0;44;K0679;0;1;Berlin
48;34459.0;44237.57;1.0;43;K0922;0;1;Hessen
45;47515.0;66554.21;0.0;40;K0434;0;1;Niedersachsen
61;68022.0;77134.04;1.0;67;K0428;0;1;Nordrhein-Westfalen
46;54548.0;100672.01;1.0;58;K0536;0;1;Nordrhein-Westfalen
57;65801.0;110519.86;0.0;41;K0351;0;1;Niedersachsen
36;36269.0;49092.44;0.0;37;K0951;0;1;Nordrhein-Westfalen
68;93315.0;141822.38;1.0;69;K0006;0;1;Baden-Württemberg
62;100769.0;125018.41;0.0;71;K0311;0;1;Niedersachsen
37;55129.0;73887.77;1.0;53;K0549;0;1;Nordrhein-Westfalen
66;62843.0;113812.63;1.0;53;K0105;0;1;Berlin
38;47861.0;66834.88;0.0;37;K0098;0;1;Hessen
45;46099.0;84552.86;0.0;41;K0605;0;1;Sachsen
55;64604.0;69621.64;0.0;38;K0869;0;1;Berlin
62;81002.0;115409.9;1.0;54;K0315;0;1;Bayern
45;46082.0;78379.94;0.0;34;K0514;0;1;Hamburg
58;75531.0;94646.93;1.0;50;K1059;0;1;Niedersachsen
43;37376.0;63383.29;1.0;42;K0063;0;1;Hessen
51;57821.0;93565.3;1.0;43;K0282;0;1;Nordrhein-Westfalen
46;44038.0;72625.61;1.0;34;K0723;0;1;Hessen
70;84497.0;116193.41;1.0;69;K0267;0;1;Baden-Württemberg
56;55688.0;94116.03;0.0;49;K0561;0;1;Nordrhein-Westfalen
66;65063.0;106463.24;1.0;56;K0239;0;1;Nordrhein-Westfalen
34;53286.0;57023.34;1.0;40;K0430;0;1;Bayern
57;42006.0;50508.57;0.0;32;K0146;0;1;Hessen
52;58873.0;80225.35;1.0;39;K1031;0;1;Bayern
63;73099.0;118236.17;1.0;51;K0651;0;1;Bayern
38;33873.0;56924.35;0.0;28;K0623;0;1;Bayern
43;43130.0;61803.14;0.0;35;K0119;0;1;Hessen
33;43936.0;78850.36;1.0;45;K0676;0;1;Berlin
34;39614.0;56174.25;1.0;26;K0515;0;1;Hessen
40;46710.0;77768.25;0.0;38;K0251;0;1;Berlin
30;45508.0;64916.89;1.0;38;K1073;0;1;Bayern
37;38717.0;56575.12;0.0;34;K0286;0;1;Bayern
66;98881.0;131352.24;1.0;64;K0546;0;1;Sachsen
40;43750.0;67687.0;1.0;28;K0010;0;1;Berlin
52;67475.0;93897.2;1.0;37;K0458;0;1;Niedersachsen
34;43470.0;70250.0;1.0;41;K0197;0;1;Nordrhein-Westfalen
40;39921.0;65687.09;1.0;45;K0731;0;1;Nordrhein-Westfalen
64;90952.0;116583.47;0.0;61;K0371;0;1;Nordrhein-Westfalen
38;46715.0;101650.7;1.0;50;K0082;0;1;Baden-Württemberg
54;75271.0;122250.09;1.0;60;K0390;0;1;Brandenburg
52;63079.0;100733.46;1.0;46;K0529;0;1;Hessen
48;63876.0;90833.08;1.0;51;K0590;0;1;Bayern
48;54835.0;73324.94;1.0;52;K1086;0;1;Brandenburg
49;69396.0;86666.48;0.0;52;K0993;0;1;Berlin
61;79130.0;106664.4;1.0;49;K0240;0;1;Thüringen
50;32462.0;65554.28;1.0;30;K0414;0;1;Brandenburg
55;54760.0;86038.6;0.0;45;K0212;0;1;Bayern
34;24264.0;22580.44;1.0;19;K0859;0;1;Berlin
68;61880.0;87209.72;0.0;52;K0701;0;1;Nordrhein-Westfalen
42;52370.0;74270.35;0.0;48;K0576;0;1;Bayern
52;90021.0;124563.89;1.0;64;K0228;0;1;Thüringen
58;80881.0;102290.11;1.0;33;K1019;0;1;Baden-Württemberg
56;68794.0;108744.79;1.0;57;K0621;0;1;Sachsen
52;53837.0;64750.35;1.0;22;K0487;0;1;Hamburg
35;48208.0;78096.44;1.0;50;K0948;0;1;Nordrhein-Westfalen
31;45328.0;68156.01;0.0;39;K0178;0;1;Hessen
70;82041.0;106587.98;1.0;44;K1067;0;1;Baden-Württemberg
42;34792.0;71876.74;1.0;27;K0539;0;1;Niedersachsen
58;73853.0;97928.13;1.0;50;K0136;0;1;Baden-Württemberg
64;81163.0;124639.62;0.0;60;K0589;0;1;Nordrhein-Westfalen
69;79059.0;115211.31;0.0;53;K0450;0;1;Niedersachsen
39;39831.0;56301.97;1.0;41;K0808;0;1;Nordrhein-Westfalen
39;37905.0;61717.86;1.0;32;K1101;0;1;Hessen
52;60315.0;106359.99;1.0;40;K0008;0;1;Berlin
61;64831.0;113585.7;0.0;35;K0437;0;1;Hessen
42;63657.0;84814.32;1.0;40;K0156;0;1;Hessen
44;14547.0;28960.3;1.0;29;K0708;0;1;Nordrhein-Westfalen
51;55866.0;84704.04;0.0;35;K0358;0;1;Baden-Württemberg
55;56358.0;105656.62;0.0;49;K0645;0;1;Hamburg
30;49623.0;65451.53;1.0;42;K0224;0;1;Nordrhein-Westfalen
46;67067.0;88579.71;1.0;45;K0330;0;1;Thüringen
43;49162.0;84864.12;0.0;43;K0594;0;1;Thüringen
31;33788.0;67174.26;0.0;28;K0543;0;1;Nordrhein-Westfalen
69;87922.0;120453.26;0.0;54;K0929;0;1;Niedersachsen
33;51920.0;54310.26;0.0;38;K0555;0;1;Baden-Württemberg
37;45690.0;64971.82;1.0;34;K0683;0;1;Baden-Württemberg
61;64150.0;91908.79;0.0;47;K0747;0;1;Niedersachsen
31;19138.0;21471.65;0.0;37;K0845;0;1;Sachsen
55;79452.0;117307.67;1.0;49;K0990;0;1;Bayern
50;42001.0;69941.72;1.0;29;K0697;0;1;Bayern
49;63355.0;111931.58;1.0;45;K1066;0;1;Berlin
67;73998.0;111198.78;1.0;55;K0704;0;1;Berlin
60;61297.0;89077.09;1.0;39;K0558;0;1;Baden-Württemberg
69;75241.0;128050.39;1.0;44;K0932;0;1;Nordrhein-Westfalen
56;79198.0;85437.96;1.0;54;K1051;0;1;Nordrhein-Westfalen
41;53509.0;90805.35;0.0;37;K0441;0;1;Bayern
46;64863.0;101644.17;0.0;45;K1052;0;1;Nordrhein-Westfalen
57;76586.0;104976.08;1.0;45;K0847;0;1;Hamburg
55;68214.0;75900.15;0.0;47;K0801;0;1;Niedersachsen
66;67497.0;117195.91;1.0;55;K0164;0;1;Nordrhein-Westfalen
60;49925.0;84170.57;0.0;39;K0229;0;1;Bayern
36;48447.0;90879.99;1.0;45;K0786;0;1;Brandenburg
40;46664.0;59309.97;1.0;36;K0873;0;1;Hessen
32;43819.0;57548.45;1.0;47;K0213;0;1;Sachsen
66;88070.0;129089.55;1.0;53;K0915;0;1;Bayern
54;54712.0;92084.38;1.0;35;K0080;0;1;Hessen
40;53774.0;90227.44;1.0;37;K0149;0;1;Bayern
35;44671.0;58157.49;1.0;34;K0303;0;1;Baden-Württemberg
63;47767.0;81512.67;0.0;53;K0761;0;1;Hamburg
39;46774.0;93641.06;1.0;40;K0995;0;1;Nordrhein-Westfalen
33;52554.0;60796.8;0.0;34;K0738;0;1;Niedersachsen
58;63385.0;93077.19;0.0;41;K0718;0;1;Baden-Württemberg
49;63769.0;88665.28;1.0;41;K0044;0;1;Sachsen
39;36057.0;73098.28;1.0;32;K0969;0;1;Nordrhein-Westfalen
68;80664.0;122681.63;0.0;63;K0134;0;1;Baden-Württemberg
66;62298.0;88092.7;1.0;53;K0666;0;1;Thüringen
58;48730.0;87338.42;1.0;34;K0746;0;1;Baden-Württemberg
52;60428.0;102443.11;0.0;43;K0600;0;1;Berlin
50;53438.0;81140.06;1.0;50;K0312;0;1;Brandenburg
34;25640.0;59338.04;0.0;27;K0409;0;1;Hamburg
52;59873.0;76854.89;1.0;39;K1077;0;1;Niedersachsen
34;47144.0;76527.76;1.0;50;K0970;0;1;Bayern
69;62333.0;123546.58;0.0;32;K0678;0;1;Berlin
54;64833.0;93686.46;1.0;54;K0940;0;1;Bayern
58;68532.0;86666.09;0.0;51;K0979;0;1;Hamburg
39;35523.0;54246.76;1.0;36;K0971;0;1;Baden-Württemberg
68;89437.0;114481.9;1.0;62;K0001;0;1;Sachsen
65;73513.0;119578.06;1.0;43;K0423;0;1;Baden-Württemberg
44;51181.0;83060.06;1.0;33;K0361;0;1;Niedersachsen
52;59011.0;88150.0;1.0;45;K0383;0;1;Berlin
47;60557.0;96808.99;0.0;49;K0317;0;1;Nordrhein-Westfalen
54;43811.0;77794.39;1.0;45;K0926;0;1;Nordrhein-Westfalen
39;45332.0;77782.69;0.0;24;K0476;0;1;Baden-Württemberg
49;56231.0;67307.08;0.0;33;K0846;0;1;Nordrhein-Westfalen
62;67502.0;104564.5;1.0;43;K0965;0;1;Sachsen
58;64297.0;110338.33;1.0;56;K0530;0;1;Bayern
31;31976.0;45789.83;1.0;33;K0635;0;1;Nordrhein-Westfalen
46;46549.0;62984.61;0.0;43;K1065;0;1;Berlin
51;56496.0;78599.02;1.0;49;K0141;0;1;Niedersachsen
68;57238.0;84306.46;1.0;54;K0173;0;1;Berlin
39;28981.0;67912.67;1.0;28;K0451;0;1;Berlin
42;49536.0;62506.44;0.0;39;K0126;0;1;Bayern
56;61743.0;100812.37;1.0;41;K0542;0;1;Berlin
39;31451.0;41728.39;1.0;27;K0562;0;1;Sachsen
34;41276.0;53961.89;1.0;33;K0661;0;1;Sachsen
47;48752.0;78207.23;0.0;38;K1048;0;1;Bayern
64;63338.0;92846.99;1.0;39;K0091;0;1;Bayern
57;68664.0;118552.48;0.0;58;K1070;0;1;Niedersachsen
66;83118.0;113976.31;0.0;67;K0182;0;1;Sachsen
37;54403.0;53690.36;0.0;47;K0364;0;1;Brandenburg
48;58620.0;95311.77;1.0;52;K0559;0;1;Hessen
37;44398.0;57851.21;0.0;39;K0275;0;1;Brandenburg
53;47554.0;85424.37;1.0;37;K0835;0;1;Niedersachsen
37;42600.0;65540.55;0.0;25;K0252;0;1;Nordrhein-Westfalen
50;59505.0;78150.23;0.0;37;K0070;0;1;Sachsen
62;47766.0;91150.03;1.0;47;K0292;0;1;Sachsen
66;73170.0;109500.77;0.0;54;K0132;0;1;Baden-Württemberg
59;81225.0;111772.36;1.0;57;K0301;0;1;Nordrhein-Westfalen
42;47660.0;69281.41;0.0;46;K0567;0;1;Baden-Württemberg
56;45484.0;68018.6;1.0;35;K0327;0;1;Bayern
40;33908.0;69238.65;1.0;45;K0848;0;1;Bayern
57;65311.0;87351.94;1.0;47;K0145;0;1;Nordrhein-Westfalen
51;59485.0;96388.95;0.0;49;K0500;0;1;Nordrhein-Westfalen
41;50613.0;81875.89;1.0;35;K0905;0;1;Bayern
30;47053.0;85990.12;1.0;39;K1095;0;1;Bayern
59;69178.0;80282.57;1.0;48;K0496;0;1;Brandenburg
53;62497.0;95797.57;1.0;47;K0339;0;1;Bayern
42;58398.0;86430.54;1.0;38;K0804;0;1;Bayern
62;84681.0;115423.31;0.0;50;K0165;0;1;Hamburg
45;47574.0;87328.47;1.0;33;K0029;0;1;Nordrhein-Westfalen
41;46486.0;79483.05;1.0;40;K0517;0;1;Baden-Württemberg
46;58938.0;78516.69;1.0;57;K0194;0;1;Nordrhein-Westfalen
46;37812.0;67614.67;1.0;39;K0693;0;1;Nordrhein-Westfalen
53;70392.0;89785.65;1.0;59;K0170;0;1;Bayern
45;45742.0;83874.88;0.0;39;K0599;0;1;Thüringen
31;39454.0;65981.74;1.0;39;K0174;0;1;Bayern
50;57994.0;93543.59;1.0;49;K0519;0;1;Baden-Württemberg
67;79290.0;122565.05;1.0;46;K0853;0;1;Thüringen
47;45296.0;69529.36;0.0;40;K0592;0;1;Sachsen
52;66942.0;90579.78;0.0;50;K0492;0;1;Niedersachsen
55;63491.0;115135.5;1.0;39;K0074;0;1;Berlin
66;65032.0;96232.71;1.0;53;K0920;0;1;Nordrhein-Westfalen
31;60920.0;92362.74;0.0;49;K0235;0;1;Bayern
49;67407.0;96728.92;1.0;49;K0215;0;1;Nordrhein-Westfalen
54;60464.0;79245.06;0.0;55;K0793;0;1;Baden-Württemberg
52;80319.0;124885.27;0.0;51;K0133;0;1;Baden-Württemberg
57;75502.0;112788.96;1.0;61;K0616;0;1;Baden-Württemberg
52;50014.0;86755.55;1.0;38;K0788;0;1;Berlin
48;31841.0;58334.15;1.0;28;K0186;0;1;Brandenburg
55;54161.0;104859.86;1.0;36;K0042;0;1;Nordrhein-Westfalen
56;74257.0;110427.22;0.0;49;K0109;0;1;Baden-Württemberg
62;60595.0;101207.94;0.0;36;K0712;0;1;Sachsen
67;89170.0;123408.48;1.0;76;K1093;0;1;Hamburg
42;45845.0;97820.78;1.0;42;K0875;0;1;Baden-Württemberg
68;89120.0;135200.0;0.0;55;K0484;0;1;Berlin
33;49726.0;71847.89;1.0;41;K0469;0;1;Thüringen
51;50677.0;83785.2;0.0;34;K0025;0;1;Niedersachsen
55;66128.0;117054.79;0.0;43;K0924;0;1;Berlin
51;68102.0;101089.53;1.0;52;K0910;0;1;Nordrhein-Westfalen
53;80451.0;112949.61;1.0;58;K0895;0;1;Hamburg
30;30285.0;49774.03;1.0;22;K0908;0;1;Nordrhein-Westfalen
33;45996.0;70449.86;1.0;29;K0367;0;1;Brandenburg
66;78982.0;116107.59;1.0;45;K0794;0;1;Bayern
38;33666.0;50494.07;1.0;13;K0384;0;1;Nordrhein-Westfalen
60;70713.0;93794.62;0.0;48;K0455;0;1;Brandenburg
64;79102.0;120716.52;1.0;54;K0265;0;1;Nordrhein-Westfalen
43;56035.0;83116.94;1.0;51;K0781;0;1;Bayern
70;90512.0;133444.42;1.0;56;K0818;0;1;Bayern
66;82404.0;113241.16;0.0;55;K0445;0;1;Nordrhein-Westfalen
51;62402.0;106473.29;1.0;55;K0396;0;1;Nordrhein-Westfalen
46;62212.0;81404.44;1.0;42;K0177;0;1;Nordrhein-Westfalen
59;72303.0;101687.09;0.0;44;K0019;0;1;Bayern
44;44135.0;90278.48;1.0;50;K0595;0;1;Sachsen
49;62203.0;85122.57;1.0;43;K0724;0;1;Hessen
65;65989.0;102710.38;1.0;44;K0062;0;1;Nordrhein-Westfalen
50;59828.0;87813.11;0.0;46;K0273;0;1;Baden-Württemberg
38;47762.0;72194.21;1.0;39;K1037;0;1;Thüringen
62;56784.0;80874.62;0.0;38;K0279;0;1;Niedersachsen
59;64556.0;115909.26;1.0;52;K0707;0;1;Bayern
61;72628.0;107586.29;0.0;43;K0369;0;1;Niedersachsen
32;26860.0;37058.29;0.0;26;K0744;0;1;Berlin
44;49072.0;68862.67;1.0;43;K0978;0;1;Bayern
35;48297.0;62369.93;1.0;37;K0823;0;1;Baden-Württemberg
48;60494.0;85749.76;1.0;39;K0548;0;1;Nordrhein-Westfalen
37;41869.0;62593.9;1.0;29;K0737;0;1;Bayern
30;45604.0;69872.12;1.0;35;K0756;0;1;Bayern
64;74222.0;108488.51;1.0;50;K0457;0;1;Bayern
68;72078.0;93935.85;1.0;51;K0394;0;1;Baden-Württemberg
59;65278.0;91121.52;1.0;42;K0831;0;1;Nordrhein-Westfalen
47;46708.0;70719.18;1.0;31;K1006;0;1;Nordrhein-Westfalen
48;47062.0;79825.38;0.0;34;K0376;0;1;Baden-Württemberg
55;66738.0;120215.5;1.0;52;K0413;0;1;Nordrhein-Westfalen
54;56229.0;97038.57;0.0;40;K0075;0;1;Nordrhein-Westfalen
69;76330.0;120784.01;1.0;47;K1033;0;1;Sachsen
42;53660.0;77862.18;1.0;37;K0501;0;1;Bayern
30;31727.0;62658.18;0.0;20;K0674;0;1;Berlin
32;42406.0;45125.2;1.0;39;K0115;0;1;Nordrhein-Westfalen
59;64816.0;102801.02;1.0;54;K0418;0;1;Baden-Württemberg
64;83452.0;133180.7;1.0;62;K0090;0;1;Niedersachsen
53;77106.0;111716.45;1.0;51;K1057;0;1;Nordrhein-Westfalen
54;43162.0;81298.0;1.0;34;K0499;0;1;Niedersachsen
45;42110.0;67204.52;1.0;33;K0733;0;1;Baden-Württemberg
33;27264.0;49485.54;1.0;15;K0740;0;1;Brandenburg
65;73235.0;115599.05;0.0;40;K0012;0;1;Baden-Württemberg
58;70268.0;103403.43;1.0;48;K0397;0;1;Nordrhein-Westfalen
39;35011.0;57408.01;0.0;32;K0668;0;1;Sachsen
69;61320.0;113385.31;1.0;50;K0946;0;1;Hessen
31;26047.0;63491.25;1.0;24;K0043;0;1;Baden-Württemberg
61;76325.0;116425.9;1.0;45;K0168;0;1;Sachsen
62;84673.0;118973.65;1.0;57;K0417;0;1;Brandenburg
57;77726.0;125762.16;0.0;56;K0577;0;1;Thüringen
63;80199.0;138366.29;0.0;70;K0904;0;1;Baden-Württemberg
48;77759.0;130352.49;0.0;42;K0427;0;1;Baden-Württemberg
58;63366.0;104762.36;1.0;49;K0545;0;1;Baden-Württemberg
44;62396.0;94641.94;0.0;43;K1034;0;1;Niedersachsen
45;45825.0;80681.1;1.0;42;K1084;0;1;Baden-Württemberg
35;35242.0;63070.96;1.0;34;K0844;0;1;Baden-Württemberg
54;72410.0;117491.52;1.0;53;K0741;0;1;Sachsen
54;49596.0;68169.84;0.0;40;K0258;0;1;Hamburg
55;50959.0;88240.21;1.0;46;K0336;0;1;Niedersachsen
51;47883.0;90273.18;1.0;45;K0016;0;1;Berlin
70;89117.0;128700.13;0.0;63;K0758;0;1;Baden-Württemberg
52;66602.0;98756.07;1.0;45;K0325;0;1;Bayern
40;56643.0;96334.06;0.0;35;K0913;0;1;Baden-Württemberg
64;92461.0;105443.46;1.0;66;K0906;0;1;Nordrhein-Westfalen
69;83089.0;136022.46;1.0;42;K0223;0;1;Bayern
57;75347.0;111539.65;0.0;49;K0180;0;1;Berlin
41;63780.0;90449.48;0.0;47;K0100;0;1;Niedersachsen
45;38876.0;78038.11;1.0;45;K0522;0;1;Nordrhein-Westfalen
62;75575.0;124516.56;1.0;50;K0023;0;1;Nordrhein-Westfalen
54;51135.0;95898.4;1.0;36;K0357;0;1;Nordrhein-Westfalen
54;71828.0;99915.01;0.0;54;K0802;0;1;Nordrhein-Westfalen
52;58284.0;93481.79;1.0;43;K1025;0;1;Nordrhein-Westfalen
57;62292.0;99289.0;1.0;46;K0612;0;1;Nordrhein-Westfalen
69;85191.0;134143.64;0.0;55;K1071;0;1;Nordrhein-Westfalen
36;28194.0;33483.78;0.0;33;K0341;0;1;Baden-Württemberg
45;45178.0;70342.95;0.0;43;K0432;0;1;Sachsen
59;70484.0;107496.17;0.0;58;K0852;0;1;Brandenburg
56;79765.0;117216.16;1.0;59;K0991;0;1;Niedersachsen
38;38681.0;65930.74;1.0;36;K0204;0;1;Nordrhein-Westfalen
55;53760.0;93912.15;0.0;33;K0760;0;1;Bayern
68;83716.0;125611.48;0.0;53;K0094;0;1;Bayern
55;62026.0;79649.63;0.0;61;K1039;0;1;Baden-Württemberg
69;71612.0;116360.51;1.0;42;K0069;0;1;Berlin
47;60658.0;87172.44;0.0;39;K0751;0;1;Hessen
67;87141.0;147149.94;0.0;65;K0285;0;1;Berlin
51;66558.0;115445.45;1.0;54;K1060;0;1;Sachsen
31;28390.0;59963.88;0.0;29;K0435;0;1;Baden-Württemberg
30;14993.0;33678.17;0.0;34;K0154;0;1;Baden-Württemberg
70;86939.0;132147.29;0.0;67;K0076;0;1;Hamburg
32;43734.0;49055.81;0.0;34;K0876;0;1;Nordrhein-Westfalen
35;39852.0;63972.97;1.0;35;K0581;0;1;Bayern
32;30856.0;27934.83;1.0;18;K0447;0;1;Nordrhein-Westfalen
61;73383.0;105062.59;0.0;49;K0189;0;1;Baden-Württemberg
43;54023.0;67446.84;1.0;36;K0272;0;1;Sachsen
41;62190.0;72016.19;1.0;46;K0237;0;1;Baden-Württemberg
61;72690.0;101692.85;0.0;55;K0488;0;1;Hessen
49;56341.0;83125.26;1.0;45;K1068;0;1;Baden-Württemberg
68;76627.0;106279.31;1.0;59;K0560;0;1;Nordrhein-Westfalen
55;51515.0;78247.78;0.0;51;K0118;0;1;Thüringen
42;44684.0;87308.31;0.0;39;K0884;0;1;Baden-Württemberg
62;79791.0;101275.87;0.0;48;K0972;0;1;Nordrhein-Westfalen
48;67677.0;94002.32;1.0;42;K0513;0;1;Baden-Württemberg
54;42499.0;75331.36;1.0;45;K0634;0;1;Sachsen
67;94092.0;135212.01;1.0;63;K0662;0;1;Bayern
65;59789.0;96988.98;1.0;45;K0959;0;1;Niedersachsen
59;68591.0;85536.41;1.0;50;K0715;0;1;Berlin
61;83098.0;116002.86;1.0;53;K0127;0;1;Baden-Württemberg
34;39181.0;41898.43;0.0;39;K0117;0;1;Baden-Württemberg
50;65573.0;99556.57;1.0;40;K0474;0;1;Bayern
35;58918.0;82500.37;1.0;57;K0829;0;1;Nordrhein-Westfalen
47;57101.0;79106.97;1.0;43;K0058;0;1;Sachsen
61;63590.0;86929.76;0.0;34;K0604;0;1;Baden-Württemberg
70;68456.0;111312.94;1.0;51;K0810;0;1;Nordrhein-Westfalen
57;81401.0;113014.09;1.0;49;K0657;0;1;Bayern
41;49301.0;68579.84;1.0;49;K0759;0;1;Nordrhein-Westfalen
64;75171.0;112055.97;1.0;53;K0106;0;1;Nordrhein-Westfalen
39;45869.0;80389.23;1.0;32;K0636;0;1;Baden-Württemberg
59;55669.0;84097.56;0.0;31;K0370;0;1;Baden-Württemberg
62;63275.0;110109.58;1.0;38;K0269;0;1;Bayern
35;51440.0;76009.29;0.0;50;K0656;0;1;Nordrhein-Westfalen
37;45467.0;75752.08;1.0;43;K0047;0;1;Niedersachsen
44;47183.0;70636.85;1.0;34;K0350;0;1;Baden-Württemberg
53;70100.0;107089.66;1.0;54;K0196;0;1;Hessen
52;69175.0;103778.57;1.0;54;K0103;0;1;Hessen
34;16069.0;36929.31;0.0;20;K0992;0;1;Nordrhein-Westfalen
68;54974.0;83002.22;1.0;42;K0947;0;1;Nordrhein-Westfalen
43;58063.0;93120.95;1.0;45;K0916;0;1;Baden-Württemberg
39;42008.0;69244.54;0.0;45;K0882;0;1;Baden-Württemberg
31;31826.0;61856.99;0.0;20;K0264;0;1;Baden-Württemberg
57;66921.0;95988.37;0.0;57;K1062;0;1;Bayern
62;84548.0;110128.73;1.0;58;K0444;0;1;Bayern
47;69003.0;102390.57;0.0;46;K0811;0;1;Baden-Württemberg
35;40901.0;66275.03;1.0;49;K0878;0;1;Sachsen
70;84543.0;128417.08;1.0;60;K0305;0;1;Baden-Württemberg
65;88138.0;123538.59;0.0;58;K0342;0;1;Baden-Württemberg
41;38996.0;66237.4;0.0;28;K1002;0;1;Bayern
52;68820.0;88926.82;0.0;45;K0314;0;1;Nordrhein-Westfalen
57;57191.0;96831.38;0.0;53;K0150;0;1;Hessen
55;67004.0;114150.05;1.0;51;K0125;0;1;Hamburg
52;66760.0;103242.45;1.0;45;K0937;0;1;Bayern
53;53504.0;98914.66;1.0;42;K0977;0;1;Nordrhein-Westfalen
66;82882.0;127752.43;0.0;56;K0665;0;1;Nordrhein-Westfalen
65;70352.0;92584.18;0.0;49;K0051;0;1;Sachsen
61;65481.0;95229.38;1.0;44;K0354;0;1;Bayern
55;51720.0;98714.27;1.0;34;K1061;0;1;Niedersachsen
31;36296.0;35482.61;0.0;31;K0143;0;1;Nordrhein-Westfalen
58;65705.0;102678.3;0.0;57;K0471;0;1;Sachsen
30;23521.0;24543.56;1.0;24;K0654;0;1;Berlin
55;67168.0;95526.72;0.0;57;K0400;0;1;Bayern
50;59847.0;95607.73;1.0;43;K0754;0;1;Nordrhein-Westfalen
69;69084.0;107414.81;1.0;41;K0321;0;1;Thüringen
67;78468.0;123598.99;0.0;47;K0020;0;1;Baden-Württemberg
55;77056.0;118343.37;1.0;54;K0685;0;1;Bayern
62;80910.0;108522.61;0.0;59;K0962;0;1;Bayern
46;46834.0;71854.37;1.0;47;K0941;0;1;Baden-Württemberg
37;50552.0;83913.36;1.0;45;K0999;0;1;Hessen
59;79812.0;112833.38;1.0;50;K0408;0;1;Sachsen
36;41243.0;55677.0;1.0;31;K0538;0;1;Hamburg
44;39771.0;72076.48;1.0;32;K0953;0;1;Baden-Württemberg
33;57513.0;62722.06;0.0;44;K0966;0;1;Bayern
120;61857.0;104214.07;1.0;52;K0039;0;1;Baden-Württemberg
66;61785.0;108131.17;0.0;52;K0176;0;1;Sachsen
32;40729.0;54787.08;1.0;33;K0246;0;1;Baden-Württemberg
31;30097.0;59710.03;1.0;26;K0985;0;1;Hessen
46;47322.0;73162.63;1.0;34;K0803;0;1;Baden-Württemberg
43;35922.0;51533.78;0.0;27;K0901;0;1;Hessen
54;85929.0;129836.57;1.0;66;K1054;0;1;Hessen
56;73496.0;94040.73;0.0;47;K0155;0;1;Niedersachsen
62;76582.0;124774.93;0.0;61;K0639;0;1;Bayern
32;45882.0;78435.1;1.0;45;K0663;0;1;Baden-Württemberg
56;58547.0;99077.0;0.0;60;K0288;0;1;Berlin
42;56364.0;66173.96;1.0;50;K0626;0;1;Nordrhein-Westfalen
63;66387.0;112799.7;0.0;44;K0686;0;1;Niedersachsen
34;43401.0;58491.97;1.0;36;K0880;0;1;Baden-Württemberg
57;40164.0;77779.65;0.0;46;K0570;0;1;Hessen
38;35130.0;52189.58;1.0;51;K0890;0;1;Hessen
53;55741.0;83296.61;0.0;41;K0018;0;1;Berlin
68;93769.0;137923.28;1.0;42;K0128;0;1;Bayern
61;67757.0;107610.75;0.0;47;K0323;0;1;Nordrhein-Westfalen
49;35194.0;65668.36;1.0;28;K0256;0;1;Nordrhein-Westfalen
67;91461.0;131748.07;1.0;66;K0790;0;1;Berlin
47;40566.0;54913.08;0.0;30;K1087;0;1;Hamburg
61;68606.0;99514.15;1.0;41;K0191;0;1;Bayern
30;45256.0;62326.68;1.0;37;K0116;0;1;Bayern
58;60549.0;95376.05;0.0;44;K1081;0;1;Nordrhein-Westfalen
34;40849.0;60157.5;1.0;36;K1013;0;1;Bayern
67;80824.0;132575.6;1.0;52;K0607;0;1;Baden-Württemberg
52;63832.0;84810.82;0.0;35;K0181;0;1;Berlin
58;48580.0;77722.17;1.0;32;K0302;0;1;Baden-Württemberg
64;71888.0;108277.84;0.0;49;K0907;0;1;Baden-Württemberg
31;29275.0;51628.74;1.0;30;K0854;0;1;Hessen
41;39563.0;78550.75;1.0;39;K0867;0;1;Baden-Württemberg
55;59442.0;88964.7;1.0;36;K0821;0;1;Sachsen
68;67429.0;100668.95;0.0;54;K0797;0;1;Bayern
54;71244.0;92301.85;1.0;51;K0518;0;1;Baden-Württemberg
45;50903.0;79988.48;1.0;52;K0373;0;1;Baden-Württemberg
36;69703.0;86119.52;0.0;50;K0046;0;1;Niedersachsen
66;76920.0;113661.11;1.0;53;K0477;0;1;Hamburg
32;52664.0;72598.33;1.0;53;K0158;0;1;Baden-Württemberg
46;58260.0;104933.18;1.0;43;K0891;0;1;Bayern
41;59921.0;111734.31;0.0;40;K0172;0;1;Nordrhein-Westfalen
31;42377.0;69094.76;1.0;31;K0017;0;1;Bayern
60;64260.0;95392.37;0.0;33;K0512;0;1;Hessen
43;42342.0;66374.97;1.0;37;K0049;0;1;Thüringen
33;30037.0;62787.47;1.0;28;K0192;0;1;Baden-Württemberg
52;84942.0;110785.84;1.0;49;K1000;0;1;Nordrhein-Westfalen
64;84143.0;106701.56;0.0;42;K0516;0;1;Bayern
39;40159.0;67170.69;1.0;37;K1102;0;1;Niedersachsen
63;71039.0;98163.51;1.0;48;K0822;0;1;Thüringen
64;64626.0;113550.22;0.0;55;K0481;0;1;Sachsen
67;93757.0;134096.72;1.0;54;K0284;0;1;Berlin
35;52473.0;86012.47;1.0;57;K0860;0;1;Nordrhein-Westfalen
32;47570.0;82420.11;1.0;38;K0787;0;1;Hessen
57;73261.0;95081.32;0.0;52;K0226;0;1;Baden-Württemberg
56;61920.0;94455.39;1.0;49;K0027;0;1;Nordrhein-Westfalen
43;70080.0;94723.69;0.0;48;K0933;0;1;Baden-Württemberg
56;74505.0;103566.8;1.0;50;K0438;0;1;Baden-Württemberg
42;70246.0;94369.73;1.0;44;K1075;0;1;Sachsen
34;24647.0;49746.45;1.0;26;K0365;0;1;Sachsen
59;61009.0;103904.6;0.0;40;K0230;0;1;Baden-Württemberg
33;41309.0;82824.09;1.0;25;K0038;0;1;Baden-Württemberg
46;62109.0;79387.46;1.0;50;K0670;0;1;Nordrhein-Westfalen
34;45499.0;58717.86;1.0;40;K0750;0;1;Nordrhein-Westfalen
30;37341.0;41316.33;1.0;32;K1088;0;1;Bayern
59;56937.0;109491.66;1.0;55;K0375;0;1;Berlin
40;41023.0;59175.54;0.0;49;K0470;0;1;Nordrhein-Westfalen
43;53520.0;94866.27;1.0;44;K1089;0;1;Sachsen
41;31809.0;44588.0;1.0;27;K0688;0;1;Sachsen
33;43075.0;60255.17;1.0;37;K1012;0;1;Nordrhein-Westfalen
53;43943.0;71806.29;1.0;35;K0842;0;1;Niedersachsen
43;48335.0;68096.85;0.0;42;K0870;0;1;Hessen
67;72430.0;116130.92;1.0;43;K0195;0;1;Berlin
55;52440.0;73482.49;0.0;41;K1043;0;1;Hessen
66;79684.0;111685.27;0.0;44;K1027;0;1;Bayern
41;49106.0;60659.78;1.0;35;K0504;0;1;Baden-Württemberg
31;32891.0;59486.79;0.0;34;K1090;0;1;Bayern
65;79806.0;124673.13;0.0;69;K0988;0;1;Berlin
67;93933.0;124053.4;0.0;61;K0580;0;1;Baden-Württemberg
37;45011.0;63758.96;1.0;38;K0161;0;1;Berlin
57;68984.0;81325.05;0.0;41;K0681;0;1;Berlin
64;70698.0;118855.24;1.0;45;K1041;0;1;Brandenburg
38;49724.0;69448.24;0.0;33;K0163;0;1;Nordrhein-Westfalen
47;51053.0;89354.82;1.0;49;K0706;0;1;Nordrhein-Westfalen
37;66600.0;86748.87;1.0;49;K1015;0;1;Niedersachsen
62;64538.0;113786.43;1.0;49;K0153;0;1;Baden-Württemberg
48;48903.0;59895.32;0.0;38;K0817;0;1;Baden-Württemberg
49;65479.0;92555.99;1.0;45;K0866;0;1;Sachsen
38;61052.0;93849.29;1.0;39;K0903;0;1;Niedersachsen
64;79138.0;114319.8;0.0;59;K0112;0;1;Nordrhein-Westfalen
54;70130.0;127478.45;1.0;46;K0227;0;1;Hessen
66;74400.0;114577.68;1.0;51;K0824;0;1;Bayern
53;59879.0;92542.02;1.0;39;K0104;0;1;Niedersachsen
34;39127.0;71127.46;0.0;27;K0422;0;1;Thüringen
52;77055.0;121764.28;1.0;60;K0420;0;1;Baden-Württemberg
64;91409.0;140161.07;1.0;76;K0897;0;1;Sachsen
66;86787.0;127064.84;0.0;54;K0587;0;1;Hessen
68;80968.0;135002.85;1.0;47;K0931;0;1;Sachsen
38;45470.0;72615.51;1.0;40;K0673;0;1;Sachsen
68;80444.0;131551.59;1.0;44;K0120;0;1;Thüringen
31;33214.0;58416.51;1.0;31;K0054;0;1;Sachsen
68;73781.0;120941.76;0.0;55;K0152;0;1;Baden-Württemberg
58;54668.0;99426.78;1.0;42;K0404;0;1;Baden-Württemberg
48;45545.0;75700.83;0.0;30;K1103;0;1;Berlin
32;35961.0;42830.37;0.0;28;K0208;0;1;Niedersachsen
34;43862.0;91438.09;1.0;32;K0659;0;1;Sachsen
69;84021.0;133358.19;1.0;56;K1005;0;1;Baden-Württemberg
58;48755.0;95736.22;1.0;43;K0911;0;1;Bayern
40;50085.0;68956.52;0.0;42;K0009;0;1;Bayern
58;67540.0;106543.4;1.0;47;K0960;0;1;Bayern
47;63067.0;102867.75;1.0;41;K0037;0;1;Bayern
42;47953.0;65155.0;1.0;45;K0453;0;1;Bayern
70;86609.0;142906.55;1.0;60;K0652;0;1;Bayern
67;53207.0;90531.33;1.0;41;K0254;0;1;Nordrhein-Westfalen
64;82125.0;99958.46;0.0;66;K0304;0;1;Berlin
40;40278.0;45917.71;1.0;37;K0893;0;1;Bayern
70;80568.0;120515.75;0.0;43;K0572;0;1;Nordrhein-Westfalen
62;70035.0;98348.59;1.0;52;K0624;0;1;Niedersachsen
33;41209.0;56426.61;1.0;30;K0849;0;1;Baden-Württemberg
63;80414.0;101554.64;1.0;49;K1104;0;1;Sachsen
35;41525.0;75726.31;1.0;30;K0851;0;1;Bayern
47;67211.0;84216.96;1.0;45;K0263;0;1;Thüringen
37;48132.0;63544.0;1.0;32;K0611;0;1;Bayern
64;72069.0;116154.84;1.0;47;K0298;0;1;Berlin
68;61880.0;165482.31;1.0;60;K0415;0;1;Niedersachsen
54;56914.0;83783.08;0.0;36;K0151;0;1;Berlin
62;73197.0;115604.15;0.0;41;K0939;0;1;Hessen
57;40366.0;58229.04;1.0;23;K0779;0;1;Berlin
47;55970.0;76520.05;1.0;40;K0641;0;1;Sachsen
70;73211.0;121272.09;0.0;64;K1040;0;1;Sachsen
51;51743.0;91562.01;1.0;42;K0551;0;1;Baden-Württemberg
62;75303.0;116978.57;1.0;48;K0942;0;1;Nordrhein-Westfalen
66;64077.0;109821.52;1.0;48;K0489;0;1;Nordrhein-Westfalen
35;35300.0;58384.57;1.0;33;K0820;0;1;Baden-Württemberg
67;71177.0;112500.75;1.0;57;K0711;0;1;Baden-Württemberg
59;79235.0;130383.85;0.0;68;K0148;0;1;Thüringen
49;52215.0;87326.82;1.0;37;K0147;0;1;Niedersachsen
48;54204.0;86153.64;0.0;54;K0863;0;1;Nordrhein-Westfalen
45;40446.0;76851.18;0.0;41;K0346;0;1;Brandenburg
69;79491.0;127058.7;1.0;74;K0885;0;1;Nordrhein-Westfalen
38;46165.0;60325.44;1.0;35;K1036;0;1;Berlin
60;56507.0;84172.64;0.0;41;K0660;0;1;Berlin
65;69167.0;110950.37;1.0;42;K0771;0;1;Niedersachsen
52;81387.0;91299.91;1.0;55;K0349;0;1;Hessen
39;47664.0;71040.72;1.0;36;K0464;0;1;Berlin
31;43389.0;52734.87;0.0;47;K0326;0;1;Sachsen
31;39617.0;60089.79;1.0;35;K0187;0;1;Berlin
44;52258.0;72060.58;0.0;47;K0124;0;1;Bayern
57;76694.0;120681.69;0.0;58;K1016;0;1;Bayern
53;66225.0;78191.01;1.0;49;K0609;0;1;Hessen
35;56593.0;74955.3;1.0;51;K0144;0;1;Brandenburg
57;60125.0;89090.25;1.0;41;K0752;0;1;Bayern
58;56452.0;86683.9;0.0;37;K1082;0;1;Baden-Württemberg
63;76247.0;103879.52;1.0;40;K0198;0;1;Niedersachsen
57;81624.0;123507.46;1.0;63;K0610;0;1;Berlin
32;55589.0;60798.72;0.0;44;K0837;0;1;Berlin
41;28790.0;55293.51;0.0;44;K0280;0;1;Niedersachsen
62;68397.0;92611.11;0.0;49;K0294;0;1;Hessen
65;52291.0;83234.33;0.0;40;K0989;0;1;Sachsen
45;46062.0;61105.39;1.0;25;K0401;0;1;Nordrhein-Westfalen
44;57848.0;81081.18;1.0;43;K0123;0;1;Bayern
62;73353.0;104733.83;0.0;51;K0184;0;1;Berlin
62;75407.0;115505.36;1.0;55;K0203;0;1;Brandenburg
49;63205.0;92627.74;0.0;35;K0439;0;1;Berlin
38;46525.0;80802.74;1.0;34;K0836;0;1;Bayern
49;73660.0;107200.27;1.0;51;K0247;0;1;Bayern
65;72055.0;105462.29;1.0;51;K0416;0;1;Brandenburg
54;55557.0;72637.98;1.0;38;K0927;0;1;Bayern
70;77481.0;114318.99;1.0;60;K0914;0;1;Baden-Württemberg
63;69742.0;94365.56;1.0;43;K1050;0;1;Berlin
64;65754.0;95513.44;1.0;53;K0918;0;1;Hamburg
33;47124.0;79603.78;1.0;35;K0053;0;1;Bayern
33;37491.0;53138.58;0.0;32;K0130;0;1;Niedersachsen
34;27982.0;31074.53;0.0;28;K0638;0;1;Bayern
51;58438.0;90811.71;1.0;52;K0403;0;1;Baden-Württemberg
67;69567.0;128522.22;1.0;53;K0935;0;1;Brandenburg
34;23826.0;48808.86;0.0;34;K0921;0;1;Niedersachsen
45;62178.0;85463.8;1.0;46;K0736;0;1;Baden-Württemberg
44;68447.0;96292.93;0.0;47;K0855;0;1;Sachsen
53;59694.0;91743.18;1.0;40;K1053;0;1;Sachsen
69;74254.0;102553.46;1.0;63;K0220;0;1;Bayern
61;74239.0;106676.91;1.0;65;K0642;0;1;Thüringen
58;65271.0;106258.99;1.0;44;K0002;0;1;Nordrhein-Westfalen
60;73978.0;109383.25;0.0;44;K0899;0;1;Baden-Württemberg
59;80507.0;122494.92;1.0;52;K1076;0;1;Baden-Württemberg
36;27831.0;38628.85;0.0;37;K0081;0;1;Bayern
49;58030.0;102268.68;1.0;38;K0625;0;1;Nordrhein-Westfalen
67;88160.0;116308.36;0.0;67;K0997;0;1;Hessen
69;80988.0;130219.27;0.0;57;K0909;0;1;Baden-Württemberg
30;40170.0;63566.56;1.0;44;K0387;0;1;Hessen
59;63905.0;94428.01;1.0;38;K1092;0;1;Bayern
33;41016.0;61945.93;0.0;36;K0807;0;1;Bayern
57;57867.0;78941.48;0.0;35;K0510;0;1;Bayern
65;73022.0;100337.77;0.0;64;K0268;0;1;Niedersachsen
67;78366.0;109630.95;1.0;55;K0973;0;1;Nordrhein-Westfalen
64;67455.0;116446.72;1.0;38;K0442;0;1;Nordrhein-Westfalen
46;46352.0;76759.63;1.0;22;K0497;0;1;Bayern
33;34894.0;60765.14;1.0;29;K0830;0;1;Baden-Württemberg
66;70138.0;102407.29;1.0;59;K0113;0;1;Berlin
59;61988.0;83817.23;0.0;34;K0692;0;1;Baden-Württemberg
45;62886.0;91266.15;1.0;50;K0233;0;1;Nordrhein-Westfalen
65;82579.0;119442.59;0.0;52;K0472;0;1;Nordrhein-Westfalen
41;38158.0;49170.73;0.0;37;K0608;0;1;Nordrhein-Westfalen
43;41643.0;68969.85;0.0;25;K0672;0;1;Berlin
42;63339.0;90132.53;1.0;54;K0374;0;1;Nordrhein-Westfalen
50;45848.0;48780.22;1.0;47;K0827;0;1;Hessen
52;58625.0;113237.35;1.0;46;K0664;0;1;Sachsen
42;41463.0;74976.67;1.0;43;K1004;0;1;Baden-Württemberg
55;66624.0;94540.15;1.0;36;K0234;0;1;Hessen
66;95730.0;138765.11;1.0;63;K0819;0;1;Nordrhein-Westfalen
62;66385.0;110890.06;1.0;45;K0936;0;1;Hessen
30;28784.0;42416.07;1.0;34;K0677;0;1;Berlin
54;72215.0;117790.98;1.0;42;K0318;0;1;Sachsen
42;55975.0;80767.86;0.0;38;K0649;0;1;Nordrhein-Westfalen
45;60218.0;102902.04;1.0;41;K0411;0;1;Hamburg
40;40385.0;60570.44;0.0;38;K1044;0;1;Baden-Württemberg
63;58435.0;87561.26;1.0;47;K0710;0;1;Thüringen
51;40228.0;64816.33;1.0;31;K0359;0;1;Hessen
64;64196.0;107141.39;1.0;48;K0259;0;1;Bayern
56;81045.0;125101.5;0.0;58;K0745;0;1;Berlin
58;49747.0;77878.69;1.0;48;K0628;0;1;Hamburg
34;65070.0;98105.63;1.0;57;K0633;0;1;Hamburg
59;76842.0;94309.74;0.0;47;K0283;0;1;Baden-Württemberg
46;40684.0;66968.71;1.0;36;K0377;0;1;Niedersachsen
41;46713.0;49617.32;1.0;40;K0385;0;1;Bayern
40;50730.0;69432.02;1.0;30;K0225;0;1;Baden-Württemberg
61;59927.0;100903.48;1.0;47;K1079;0;1;Baden-Württemberg
51;47827.0;71298.43;1.0;39;K0967;0;1;Thüringen
54;60025.0;74740.62;1.0;42;K0473;0;1;Berlin
41;62740.0;91641.0;0.0;52;K0348;0;1;Niedersachsen
48;45333.0;65343.65;1.0;40;K0506;0;1;Hessen
30;41029.0;70761.65;0.0;32;K0640;0;1;Hessen
32;23753.0;40179.55;0.0;22;K1099;0;1;Bayern
46;51329.0;77922.3;1.0;32;K0798;0;1;Thüringen
42;48275.0;70990.88;1.0;42;K0340;0;1;Thüringen
65;60136.0;116989.74;1.0;44;K0556;0;1;Hessen
65;55071.0;90033.88;1.0;41;K0620;0;1;Niedersachsen
43;52541.0;79916.64;0.0;36;K1020;0;1;Hessen
62;79399.0;125617.3;0.0;56;K0955;0;1;Baden-Württemberg
54;64748.0;104496.28;1.0;47;K0646;0;1;Bayern
62;57795.0;85730.62;0.0;38;K1008;0;1;Niedersachsen
35;59218.0;89824.77;0.0;33;K0557;0;1;Berlin
60;71186.0;115349.19;1.0;53;K0682;0;1;Hessen
54;55199.0;64942.31;1.0;59;K0578;0;1;Baden-Württemberg
39;61809.0;80843.31;1.0;44;K0796;0;1;Nordrhein-Westfalen
53;61613.0;99068.03;1.0;50;K0086;0;1;Brandenburg
64;71112.0;121577.09;1.0;55;K0243;0;1;Hamburg
31;44046.0;51186.35;1.0;31;K0699;0;1;Thüringen
69;72349.0;103823.85;1.0;61;K0839;0;1;Baden-Württemberg
35;55716.0;63069.62;1.0;25;K0160;0;1;Sachsen
43;53186.0;93969.09;1.0;43;K0525;0;1;Hamburg
68;79182.0;125939.52;1.0;48;K0036;0;1;Baden-Württemberg
38;59079.0;92587.82;1.0;56;K0541;0;1;Berlin
70;95326.0;133593.66;1.0;66;K0171;0;1;Baden-Württemberg
50;48277.0;88936.09;1.0;47;K0655;0;1;Nordrhein-Westfalen
50;78249.0;114846.09;1.0;55;K0749;0;1;Nordrhein-Westfalen
69;61880.0;125140.05;1.0;65;K1021;0;1;Bayern
69;77887.0;126098.91;0.0;51;K1009;0;1;Hessen
61;94363.0;137974.71;1.0;50;K0485;0;1;Bayern
60;61431.0;105250.41;1.0;33;K0734;0;1;Bayern
34;46252.0;62891.18;0.0;39;K0900;0;1;Berlin
57;60138.0;102300.93;1.0;35;K0096;0;1;Baden-Württemberg
48;57825.0;94299.04;1.0;31;K0564;0;1;Thüringen
38;35214.0;50205.8;1.0;32;K0241;0;1;Bayern
61;65648.0;100202.5;0.0;51;K0743;0;1;Berlin
49;60621.0;81988.0;1.0;41;K0864;0;1;Hessen
32;61059.0;81549.78;0.0;47;K0575;0;1;Nordrhein-Westfalen
59;60769.0;72785.83;1.0;53;K0691;0;1;Baden-Württemberg
37;60379.0;83542.5;0.0;59;K0461;0;1;Thüringen
38;51844.0;60596.45;1.0;31;K0892;0;1;Sachsen
54;71830.0;113981.18;1.0;44;K0554;0;1;Bayern
55;75123.0;97596.04;1.0;55;K0858;0;1;Nordrhein-Westfalen
30;29432.0;61522.97;0.0;28;K1032;0;1;Nordrhein-Westfalen
58;46940.0;78383.96;0.0;36;K0207;0;1;Baden-Württemberg
45;52953.0;69536.92;1.0;36;K0393;0;1;Brandenburg
57;68942.0;96688.41;0.0;51;K0795;0;1;Nordrhein-Westfalen
67;73602.0;124908.81;1.0;56;K0871;0;1;Nordrhein-Westfalen
32;58361.0;71055.84;0.0;46;K0398;0;1;Nordrhein-Westfalen
51;71583.0;99159.39;0.0;59;K0767;0;1;Baden-Württemberg
41;50856.0;87967.12;1.0;42;K1010;0;1;Nordrhein-Westfalen
70;73363.0;111223.31;0.0;54;K0218;0;1;Hamburg
50;56621.0;92898.67;0.0;40;K0005;0;1;Bayern
46;49781.0;73484.48;0.0;48;K0769;0;1;Hessen
40;43259.0;58493.0;1.0;36;K0643;0;1;Niedersachsen
58;67418.0;95613.26;0.0;65;K0462;0;1;Bayern
31;27160.0;40495.11;0.0;26;K0943;0;1;Bayern
65;60902.0;114790.5;1.0;52;K0613;0;1;Niedersachsen
69;67799.0;99345.38;0.0;55;K0739;0;1;Bayern
67;81679.0;124223.23;0.0;57;K0961;0;1;Bayern
67;74189.0;118596.14;0.0;44;K0547;0;1;Baden-Württemberg
60;70775.0;101574.15;0.0;64;K0987;0;1;Baden-Württemberg
34;52759.0;77110.67;1.0;53;K0726;0;1;Niedersachsen
58;68451.0;114851.71;1.0;45;K1097;0;1;Nordrhein-Westfalen
68;84609.0;123507.33;1.0;54;K0684;0;1;Baden-Württemberg
37;48532.0;68786.85;0.0;32;K0099;0;1;Hessen
49;69675.0;92342.53;1.0;51;K0805;0;1;Baden-Württemberg
35;24355.0;55167.61;1.0;32;K0728;0;1;Hessen
30;36552.0;51200.08;0.0;21;K0574;0;1;Baden-Württemberg
34;44113.0;69211.99;1.0;34;K0407;0;1;Sachsen
65;68189.0;97143.57;0.0;36;K0503;0;1;Nordrhein-Westfalen
64;77668.0;116246.65;0.0;63;K0048;0;1;Baden-Württemberg
36;24397.0;32833.88;0.0;38;K0033;0;1;Baden-Württemberg
37;44420.0;51519.02;1.0;26;K0930;0;1;Bayern
52;60063.0;109287.55;1.0;31;K0780;0;1;Niedersachsen
66;94518.0;119618.58;0.0;62;K0840;0;1;Thüringen
40;55005.0;76273.78;1.0;47;K0201;0;1;Berlin
44;43460.0;71339.81;0.0;45;K0135;0;1;Hessen
57;83306.0;112854.14;1.0;53;K0028;0;1;Sachsen
38;55278.0;95883.59;1.0;46;K0041;0;1;Baden-Württemberg
38;54775.0;75261.51;1.0;40;K1018;0;1;Hamburg
64;89881.0;120551.98;0.0;55;K0231;0;1;Hessen
41;57422.0;75053.42;1.0;47;K0490;0;1;Nordrhein-Westfalen
37;30511.0;63585.76;0.0;29;K0773;0;1;Niedersachsen
57;66962.0;103890.1;1.0;47;K0379;0;1;Sachsen
63;65128.0;111253.56;1.0;42;K0289;0;1;Berlin
66;80562.0;121433.27;1.0;48;K0419;0;1;Bayern
30;23168.0;38984.74;1.0;23;K0392;0;1;Thüringen
70;76112.0;107199.46;1.0;60;K0593;0;1;Sachsen
56;65663.0;107678.5;1.0;55;K0648;0;1;Hessen
52;77888.0;105968.69;1.0;59;K0521;0;1;Bayern
44;47332.0;84281.71;0.0;36;K0065;0;1;Baden-Württemberg
32;43022.0;50811.55;1.0;36;K0015;0;1;Sachsen
54;65610.0;78467.12;1.0;59;K0493;0;1;Berlin
55;69487.0;93455.52;1.0;50;K0380;0;1;Thüringen
55;76066.0;112809.53;0.0;52;K0188;0;1;Hamburg
56;76011.0;125585.18;1.0;63;K0764;0;1;Nordrhein-Westfalen
36;51478.0;90484.89;1.0;32;K0217;0;1;Bayern
44;52628.0;80768.14;0.0;47;K0792;0;1;Bayern
39;50202.0;86793.36;1.0;30;K0879;0;1;Bayern
54;58380.0;89265.3;1.0;45;K0338;0;1;Hessen
39;57156.0;77986.08;1.0;39;K0720;0;1;Baden-Württemberg
48;51210.0;64363.81;1.0;29;K0296;0;1;Bayern
60;57664.0;95386.14;0.0;51;K1017;0;1;Hessen
31;36628.0;58605.27;0.0;33;K0456;0;1;Berlin
69;77676.0;126864.71;1.0;62;K0816;0;1;Nordrhein-Westfalen
33;38152.0;68310.6;0.0;26;K0270;0;1;Baden-Württemberg
69;65252.0;105771.99;1.0;42;K0996;0;1;Berlin
45;49088.0;80749.79;0.0;39;K0202;0;1;Niedersachsen
56;66685.0;110938.59;1.0;55;K0162;0;1;Hessen
42;22279.0;61502.53;1.0;20;K0730;0;1;Sachsen
66;85534.0;122017.62;1.0;59;K0402;0;1;Sachsen
63;81261.0;109555.23;1.0;48;K0703;0;1;Bayern
32;26878.0;50126.6;1.0;36;K0566;0;1;Bayern
70;84074.0;144045.32;1.0;57;K1022;0;1;Baden-Württemberg
30;52514.0;76020.69;1.0;27;K1026;0;1;Niedersachsen
45;54276.0;88859.4;1.0;43;K0206;0;1;Baden-Württemberg
38;48364.0;85707.42;1.0;35;K0035;0;1;Bayern
51;69957.0;102053.63;0.0;51;K0776;0;1;Bayern
36;40554.0;68345.72;1.0;24;K0509;0;1;Baden-Württemberg
57;78835.0;112307.45;1.0;55;K1091;0;1;Baden-Württemberg
62;71666.0;107104.52;1.0;59;K0092;0;1;Thüringen
59;79283.0;105625.52;1.0;59;K0898;0;1;Berlin
68;61693.0;111218.49;0.0;52;K0565;0;1;Nordrhein-Westfalen
43;57981.0;96036.67;0.0;55;K0777;0;1;Niedersachsen
70;80732.0;116569.27;1.0;52;K0242;0;1;Baden-Württemberg
53;70398.0;102062.3;0.0;48;K0014;0;1;Sachsen
32;53135.0;81152.36;1.0;53;K0316;0;1;Baden-Württemberg
40;53679.0;77410.61;1.0;41;K0601;0;1;Berlin
63;82564.0;124742.75;1.0;59;K0388;0;1;Bayern
44;47834.0;69642.73;1.0;44;K0167;0;1;Berlin
65;62961.0;106364.96;1.0;56;K0841;0;1;Baden-Württemberg
31;27501.0;39695.86;1.0;22;K0021;0;1;Hessen
51;61555.0;101804.21;0.0;36;K0647;0;1;Hamburg
40;42128.0;78281.31;1.0;40;K0832;0;1;Niedersachsen
55;45218.0;69467.58;1.0;34;K0563;0;1;Berlin
48;43335.0;67948.2;1.0;27;K1078;0;1;Nordrhein-Westfalen
32;43583.0;75274.62;0.0;37;K0687;0;1;Baden-Württemberg
56;42003.0;84471.99;0.0;43;K0958;0;1;Hessen
35;41741.0;52271.78;0.0;38;K0190;0;1;Hamburg
65;79589.0;117896.45;0.0;57;K0976;0;1;Hessen
40;76423.0;101008.49;0.0;51;K0700;0;1;Bayern
43;59012.0;91000.76;1.0;44;K0511;0;1;Baden-Württemberg
59;61880.0;92837.59;0.0;46;K1083;0;1;Baden-Württemberg
65;58270.0;85983.74;1.0;38;K0475;0;1;Berlin
37;57504.0;78406.83;1.0;40;K0857;0;1;Berlin
48;59014.0;97451.48;1.0;48;K0748;0;1;Bayern
65;70212.0;102160.74;1.0;45;K0253;0;1;Hessen
50;49026.0;79076.93;0.0;36;K0022;0;1;Berlin
55;61750.0;93666.44;1.0;52;K0460;0;1;Nordrhein-Westfalen
32;34846.0;48990.25;0.0;25;K0277;0;1;Baden-Württemberg
59;68568.0;95476.41;0.0;41;K0956;0;1;Baden-Württemberg
30;62318.0;93943.58;1.0;50;K0386;0;1;Hessen
54;84027.0;117270.4;1.0;58;K0806;0;1;Niedersachsen
30;29264.0;54886.03;1.0;21;K0344;0;1;Berlin
55;71467.0;89954.18;1.0;59;K0770;0;1;Hessen
59;68825.0;83303.72;0.0;60;K0131;0;1;Brandenburg
66;58457.0;79415.76;1.0;35;K0872;0;1;Bayern
46;46384.0;82034.0;1.0;37;K0088;0;1;Sachsen
69;96516.0;142208.17;1.0;64;K0331;0;1;Baden-Württemberg
70;69581.0;103751.58;1.0;51;K0467;0;1;Thüringen
38;48301.0;64230.98;1.0;33;K0122;0;1;Niedersachsen
67;63547.0;103123.57;1.0;41;K1045;0;1;Berlin
37;32686.0;49215.87;1.0;36;K1096;0;1;Baden-Württemberg
55;71240.0;106132.59;1.0;49;K0861;0;1;Bayern
30;39919.1;;0.0;29;K1814;1;0;Bayern
41;53430.67;;0.0;27;K1544;1;0;Baden-Württemberg
64;73163.22;;0.0;32;K1945;1;0;Baden-Württemberg
41;36761.48;;0.0;44;K1825;1;0;Baden-Württemberg
35;42684.33;;1.0;33;K1144;1;0;Nordrhein-Westfalen
67;63881.03;;1.0;27;K1395;1;0;Berlin
46;68885.02;;0.0;59;K1405;1;0;Nordrhein-Westfalen
63;63083.29;;0.0;40;K1438;1;0;Niedersachsen
30;55256.45;;1.0;31;K1313;1;0;Baden-Württemberg
32;44873.24;;0.0;44;K1241;1;0;Sachsen
66;75200.53;;0.0;35;K1242;1;0;Berlin
61;59560.06;;0.0;37;K1801;1;0;Nordrhein-Westfalen
66;90643.13;;1.0;25;K1590;1;0;Baden-Württemberg
68;80553.39;;0.0;56;K1349;1;0;Baden-Württemberg
39;42543.25;;1.0;30;K1449;1;0;Hessen
40;33126.11;;0.0;34;K1958;1;0;Baden-Württemberg
44;62175.96;;1.0;33;K1726;1;0;Berlin
49;51900.08;;0.0;40;K1758;1;0;Bayern
48;59967.31;;1.0;21;K1991;1;0;Hessen
36;33884.97;;0.0;49;K1215;1;0;Bayern
66;67587.21;;1.0;37;K1399;1;0;Nordrhein-Westfalen
31;38844.34;;1.0;21;K1552;1;0;Berlin
61;66782.63;;0.0;25;K1297;1;0;Nordrhein-Westfalen
40;54891.45;;0.0;46;K1787;1;0;Baden-Württemberg
49;59388.52;;0.0;21;K1643;1;0;Baden-Württemberg
62;92892.64;;0.0;14;K1924;1;0;Nordrhein-Westfalen
36;36252.28;;1.0;46;K1135;1;0;Hamburg
45;54233.59;;1.0;37;K1778;1;0;Niedersachsen
64;84876.3;;0.0;34;K1168;1;0;Baden-Württemberg
50;60708.23;;0.0;44;K1501;1;0;Hessen
45;54500.54;;0.0;30;K1982;1;0;Hamburg
31;34101.76;;1.0;46;K1246;1;0;Bayern
50;55260.85;;0.0;46;K1898;1;0;Brandenburg
52;71014.31;;1.0;21;K1340;1;0;Bayern
34;53036.01;;0.0;46;K1309;1;0;Bayern
67;79728.14;;1.0;22;K1725;1;0;Thüringen
31;26637.98;;1.0;30;K1128;1;0;Niedersachsen
38;48808.07;;1.0;54;K1303;1;0;Baden-Württemberg
46;61964.35;;0.0;57;K1947;1;0;Bayern
31;27594.39;;0.0;49;K1844;1;0;Bayern
68;83333.57;;1.0;33;K1225;1;0;Bayern
48;54207.39;;0.0;45;K1582;1;0;Nordrhein-Westfalen
40;65585.39;;0.0;43;K1942;1;0;Bayern
37;39421.71;;1.0;38;K1895;1;0;Berlin
69;61880.0;;1.0;47;K1467;1;0;Nordrhein-Westfalen
69;91625.0;;1.0;21;K1191;1;0;Niedersachsen
43;67392.46;;0.0;45;K1172;1;0;Nordrhein-Westfalen
52;68557.64;;0.0;27;K1455;1;0;Sachsen
37;51083.83;;0.0;41;K1315;1;0;Baden-Württemberg
51;52205.09;;0.0;42;K1764;1;0;Baden-Württemberg
68;96580.06;;0.0;30;K1553;1;0;Nordrhein-Westfalen
63;80825.88;;1.0;50;K1925;1;0;Berlin
63;56999.13;;1.0;50;K1465;1;0;Berlin
66;64794.73;;1.0;35;K1907;1;0;Berlin
50;75601.53;;0.0;31;K1385;1;0;Thüringen
35;32469.35;;1.0;24;K1690;1;0;Bayern
53;51711.71;;1.0;37;K1175;1;0;Baden-Württemberg
62;75231.18;;1.0;44;K1404;1;0;Baden-Württemberg
39;37428.12;;1.0;37;K1316;1;0;Niedersachsen
53;75785.77;;0.0;49;K1149;1;0;Bayern
39;30485.19;;1.0;44;K1513;1;0;Hamburg
60;70853.56;;1.0;30;K1551;1;0;Baden-Württemberg
41;57516.9;;1.0;39;K1531;1;0;Berlin
37;66419.25;;1.0;28;K1273;1;0;Thüringen
45;62279.13;;1.0;27;K1301;1;0;Baden-Württemberg
52;70297.21;;0.0;51;K1877;1;0;Nordrhein-Westfalen
37;65035.0;;1.0;44;K1177;1;0;Niedersachsen
36;41668.05;;0.0;40;K1527;1;0;Bayern
43;49480.58;;1.0;23;K1637;1;0;Baden-Württemberg
54;56292.71;;1.0;36;K1696;1;0;Hamburg
67;78307.65;;0.0;35;K1417;1;0;Hamburg
37;43614.88;;1.0;34;K1416;1;0;Bayern
49;76602.79;;1.0;19;K1994;1;0;Berlin
42;58051.96;;0.0;25;K1940;1;0;Baden-Württemberg
46;51857.86;;1.0;44;K1938;1;0;Nordrhein-Westfalen
68;79291.16;;0.0;36;K1710;1;0;Nordrhein-Westfalen
70;76105.63;;0.0;25;K1872;1;0;Hessen
58;68691.18;;1.0;37;K1644;1;0;Nordrhein-Westfalen
43;48849.87;;0.0;36;K1462;1;0;Brandenburg
65;92223.19;;1.0;41;K1359;1;0;Baden-Württemberg
69;85613.26;;1.0;28;K1371;1;0;Hessen
47;53430.97;;1.0;30;K1171;1;0;Berlin
41;34560.06;;0.0;34;K1424;1;0;Baden-Württemberg
38;46846.65;;0.0;46;K1883;1;0;Baden-Württemberg
44;53482.31;;1.0;33;K1279;1;0;Bayern
35;29395.64;;1.0;28;K1598;1;0;Baden-Württemberg
40;68282.05;;1.0;15;K1320;1;0;Hamburg
45;66573.49;;0.0;52;K1414;1;0;Nordrhein-Westfalen
39;44825.25;;0.0;45;K1927;1;0;Baden-Württemberg
38;40638.12;;1.0;46;K1355;1;0;Baden-Württemberg
61;75680.86;;1.0;42;K1270;1;0;Sachsen
37;39528.49;;1.0;19;K1646;1;0;Bayern
32;44270.05;;1.0;45;K1730;1;0;Niedersachsen
70;74005.81;;0.0;42;K1493;1;0;Baden-Württemberg
34;43060.35;;1.0;32;K1181;1;0;Nordrhein-Westfalen
60;71786.36;;1.0;36;K1386;1;0;Bayern
48;60260.02;;0.0;30;K1817;1;0;Berlin
37;45165.04;;1.0;36;K1443;1;0;Bayern
68;98083.37;;1.0;22;K1432;1;0;Berlin
44;43990.6;;1.0;35;K1426;1;0;Brandenburg
48;54965.09;;1.0;30;K1650;1;0;Niedersachsen
53;53797.07;;1.0;24;K1695;1;0;Hessen
61;75646.61;;1.0;45;K1396;1;0;Bayern
67;85750.08;;0.0;41;K1570;1;0;Nordrhein-Westfalen
49;49362.36;;0.0;36;K1919;1;0;Thüringen
40;39581.25;;1.0;5;K1547;1;0;Niedersachsen
53;72005.36;;0.0;27;K1775;1;0;Nordrhein-Westfalen
50;64800.0;;1.0;35;K1567;1;0;Thüringen
54;73773.47;;1.0;23;K1391;1;0;Berlin
49;51990.86;;1.0;29;K1314;1;0;Berlin
40;62840.37;;0.0;35;K1774;1;0;Nordrhein-Westfalen
30;46686.49;;1.0;36;K1332;1;0;Sachsen
35;42664.93;;0.0;34;K1954;1;0;Nordrhein-Westfalen
65;78027.33;;1.0;12;K1617;1;0;Niedersachsen
54;54771.82;;0.0;26;K1632;1;0;Baden-Württemberg
61;79526.72;;1.0;62;K1981;1;0;Baden-Württemberg
36;32281.86;;1.0;52;K1201;1;0;Hessen
32;31010.6;;0.0;42;K1397;1;0;Baden-Württemberg
68;78362.67;;0.0;21;K1428;1;0;Baden-Württemberg
51;56457.49;;0.0;28;K1841;1;0;Nordrhein-Westfalen
68;74860.99;;0.0;20;K1634;1;0;Bayern
54;68635.79;;0.0;29;K1323;1;0;Baden-Württemberg
61;61246.33;;0.0;45;K1380;1;0;Nordrhein-Westfalen
63;69114.67;;0.0;39;K1183;1;0;Hamburg
58;76153.05;;0.0;25;K1890;1;0;Bayern
41;39145.7;;1.0;40;K1709;1;0;Hessen
45;34526.57;;1.0;17;K1901;1;0;Baden-Württemberg
47;61173.94;;1.0;37;K1244;1;0;Niedersachsen
35;40070.02;;1.0;47;K1683;1;0;Bayern
47;61411.11;;1.0;21;K1599;1;0;Bayern
66;76131.41;;0.0;42;K1464;1;0;Sachsen
57;52580.66;;1.0;29;K1170;1;0;Bayern
31;12031.99;;1.0;32;K1586;1;0;Baden-Württemberg
63;74054.71;;0.0;43;K1882;1;0;Nordrhein-Westfalen
30;47051.43;;1.0;23;K1704;1;0;Baden-Württemberg
57;75169.08;;0.0;44;K1935;1;0;Thüringen
49;53203.21;;0.0;44;K1411;1;0;Hessen
64;74726.85;;1.0;55;K1336;1;0;Bayern
37;60309.96;;0.0;38;K1950;1;0;Baden-Württemberg
40;56212.03;;1.0;39;K1154;1;0;Bayern
50;46631.76;;1.0;36;K1757;1;0;Bayern
49;56491.65;;0.0;25;K1959;1;0;Baden-Württemberg
51;46713.49;;0.0;34;K1447;1;0;Berlin
37;37001.86;;1.0;29;K1699;1;0;Bayern
34;46611.9;;1.0;34;K1990;1;0;Berlin
36;39625.22;;1.0;55;K1521;1;0;Bayern
70;97897.05;;1.0;60;K1318;1;0;Berlin
43;68343.43;;1.0;32;K1138;1;0;Nordrhein-Westfalen
59;68648.91;;1.0;32;K1136;1;0;Nordrhein-Westfalen
34;42021.35;;0.0;36;K1773;1;0;Brandenburg
66;78363.18;;1.0;26;K1689;1;0;Baden-Württemberg
55;67416.14;;1.0;31;K1619;1;0;Nordrhein-Westfalen
57;75132.7;;0.0;41;K1793;1;0;Bayern
52;54277.2;;1.0;48;K1214;1;0;Nordrhein-Westfalen
62;83975.47;;0.0;33;K1182;1;0;Bayern
42;60427.73;;1.0;44;K1716;1;0;Sachsen
67;87075.04;;1.0;59;K1748;1;0;Niedersachsen
55;76311.86;;1.0;41;K1187;1;0;Baden-Württemberg
31;38298.53;;1.0;3;K1623;1;0;Nordrhein-Westfalen
33;35653.84;;0.0;26;K1762;1;0;Nordrhein-Westfalen
37;51507.44;;0.0;34;K1401;1;0;Niedersachsen
43;58161.76;;1.0;31;K1612;1;0;Nordrhein-Westfalen
30;38642.92;;1.0;35;K1913;1;0;Bayern
46;56617.22;;0.0;31;K1480;1;0;Hessen
37;38266.32;;1.0;36;K1110;1;0;Baden-Württemberg
41;52447.56;;1.0;48;K1159;1;0;Sachsen
48;63015.2;;0.0;50;K1503;1;0;Berlin
45;44514.71;;1.0;37;K1562;1;0;Berlin
33;20924.69;;1.0;36;K1626;1;0;Baden-Württemberg
62;77172.35;;1.0;36;K1468;1;0;Baden-Württemberg
67;68054.56;;0.0;40;K1202;1;0;Niedersachsen
46;57346.44;;1.0;32;K1522;1;0;Hamburg
52;74487.89;;1.0;41;K1677;1;0;Bayern
46;54308.49;;1.0;32;K1957;1;0;Brandenburg
48;68669.4;;1.0;41;K1538;1;0;Niedersachsen
54;70603.64;;1.0;13;K1878;1;0;Sachsen
44;46191.88;;1.0;45;K1130;1;0;Baden-Württemberg
63;66297.53;;0.0;43;K1189;1;0;Niedersachsen
47;46132.95;;1.0;38;K1115;1;0;Nordrhein-Westfalen
35;55240.05;;0.0;24;K1436;1;0;Nordrhein-Westfalen
66;78220.58;;0.0;41;K1838;1;0;Sachsen
52;67495.8;;1.0;25;K1487;1;0;Nordrhein-Westfalen
36;48519.27;;1.0;30;K1809;1;0;Baden-Württemberg
33;44999.02;;0.0;18;K1918;1;0;Baden-Württemberg
54;49679.67;;0.0;24;K1223;1;0;Sachsen
45;51504.43;;1.0;50;K1641;1;0;Baden-Württemberg
40;57367.43;;1.0;31;K1466;1;0;Baden-Württemberg
61;80750.62;;0.0;24;K1134;1;0;Sachsen
57;63456.63;;0.0;45;K1160;1;0;Bayern
52;45802.03;;1.0;25;K1970;1;0;Baden-Württemberg
53;58520.52;;0.0;20;K1700;1;0;Brandenburg
51;56254.2;;0.0;17;K1344;1;0;Berlin
68;77479.77;;0.0;45;K1826;1;0;Baden-Württemberg
68;80288.2;;1.0;19;K1186;1;0;Brandenburg
42;37936.98;;0.0;30;K1364;1;0;Sachsen
57;50221.96;;1.0;47;K1591;1;0;Bayern
38;48379.32;;1.0;43;K1821;1;0;Thüringen
69;98029.0;;1.0;37;K1905;1;0;Bayern
66;82388.16;;0.0;34;K1886;1;0;Hessen
53;69200.65;;0.0;25;K1647;1;0;Berlin
54;59334.77;;0.0;34;K1431;1;0;Baden-Württemberg
46;49472.26;;1.0;36;K1639;1;0;Bayern
50;61480.98;;1.0;44;K1640;1;0;Baden-Württemberg
33;54044.93;;0.0;30;K1588;1;0;Bayern
50;66940.79;;0.0;32;K1867;1;0;Thüringen
65;74982.31;;0.0;27;K1638;1;0;Hessen
65;62675.6;;1.0;33;K1818;1;0;Baden-Württemberg
65;85235.07;;1.0;44;K1495;1;0;Nordrhein-Westfalen
39;23109.88;;1.0;39;K1600;1;0;Sachsen
48;55111.17;;1.0;31;K1587;1;0;Nordrhein-Westfalen
64;74797.72;;0.0;28;K1482;1;0;Niedersachsen
63;66343.41;;1.0;53;K1470;1;0;Baden-Württemberg
50;58484.54;;1.0;40;K1517;1;0;Thüringen
66;88621.24;;0.0;44;K1573;1;0;Hessen
36;30932.05;;0.0;43;K1514;1;0;Baden-Württemberg
64;70306.35;;1.0;36;K1112;1;0;Berlin
53;49633.95;;1.0;30;K1685;1;0;Nordrhein-Westfalen
66;69331.45;;0.0;32;K1260;1;0;Baden-Württemberg
37;51799.46;;0.0;40;K1985;1;0;Baden-Württemberg
38;51013.22;;1.0;49;K1530;1;0;Nordrhein-Westfalen
60;77364.77;;0.0;34;K1206;1;0;Bayern
62;69519.57;;0.0;31;K1304;1;0;Sachsen
40;52774.29;;0.0;41;K1529;1;0;Hessen
56;70615.55;;0.0;15;K1403;1;0;Brandenburg
39;43354.5;;0.0;28;K1989;1;0;Bayern
68;89005.39;;0.0;22;K1352;1;0;Baden-Württemberg
35;39196.71;;1.0;26;K1583;1;0;Bayern
58;74550.62;;0.0;32;K1410;1;0;Niedersachsen
65;83198.24;;1.0;47;K1421;1;0;Berlin
33;45748.43;;1.0;55;K1107;1;0;Niedersachsen
47;79607.67;;1.0;47;K1510;1;0;Berlin
47;59352.78;;1.0;14;K1847;1;0;Baden-Württemberg
60;55814.8;;1.0;27;K1365;1;0;Baden-Württemberg
52;66108.25;;1.0;41;K1472;1;0;Thüringen
69;85175.92;;1.0;31;K1263;1;0;Nordrhein-Westfalen
42;54182.12;;1.0;26;K1659;1;0;Nordrhein-Westfalen
44;52096.75;;1.0;45;K1934;1;0;Nordrhein-Westfalen
55;88482.68;;1.0;26;K1782;1;0;Berlin
56;83787.01;;0.0;27;K1485;1;0;Niedersachsen
40;38822.67;;0.0;18;K1731;1;0;Berlin
56;66000.86;;0.0;32;K1407;1;0;Berlin
52;33297.76;;0.0;18;K1537;1;0;Nordrhein-Westfalen
65;68211.38;;1.0;20;K1627;1;0;Berlin
37;50176.78;;1.0;31;K1509;1;0;Bayern
38;48780.18;;1.0;18;K1948;1;0;Niedersachsen
37;41519.4;;1.0;33;K1460;1;0;Bayern
36;50243.04;;1.0;48;K1569;1;0;Nordrhein-Westfalen
31;26018.93;;0.0;32;K1858;1;0;Baden-Württemberg
38;44672.54;;0.0;36;K1317;1;0;Bayern
44;50981.53;;0.0;21;K1554;1;0;Sachsen
59;70012.56;;1.0;39;K1184;1;0;Baden-Württemberg
38;29787.61;;1.0;47;K1253;1;0;Hamburg
33;35350.73;;1.0;24;K1533;1;0;Hessen
63;60561.81;;1.0;38;K1165;1;0;Bayern
49;58250.25;;1.0;25;K1765;1;0;Baden-Württemberg
47;56933.67;;1.0;42;K1909;1;0;Baden-Württemberg
51;54872.34;;0.0;40;K1693;1;0;Bayern
64;85441.93;;0.0;42;K1870;1;0;Sachsen
60;67965.91;;1.0;29;K1370;1;0;Bayern
48;48300.49;;1.0;28;K1238;1;0;Baden-Württemberg
63;86198.61;;0.0;32;K1813;1;0;Nordrhein-Westfalen
54;53806.65;;0.0;37;K1649;1;0;Sachsen
57;78842.38;;0.0;24;K1451;1;0;Berlin
68;86965.52;;0.0;15;K1926;1;0;Berlin
47;50383.0;;1.0;35;K1738;1;0;Baden-Württemberg
31;61880.0;;1.0;25;K1561;1;0;Brandenburg
42;54815.06;;0.0;34;K1605;1;0;Baden-Württemberg
57;60410.82;;1.0;33;K1535;1;0;Baden-Württemberg
42;49912.51;;1.0;26;K1550;1;0;Sachsen
48;51462.33;;1.0;20;K1755;1;0;Niedersachsen
64;67482.49;;1.0;10;K1277;1;0;Bayern
40;59391.91;;0.0;37;K1555;1;0;Brandenburg
58;71796.78;;1.0;26;K1419;1;0;Berlin
64;85476.75;;1.0;27;K1437;1;0;Hamburg
67;94337.55;;1.0;27;K1906;1;0;Hessen
57;52369.61;;1.0;42;K1195;1;0;Thüringen
63;71786.87;;1.0;40;K1939;1;0;Bayern
40;39209.65;;0.0;43;K1286;1;0;Sachsen
41;50331.8;;0.0;48;K1686;1;0;Niedersachsen
33;47738.8;;1.0;47;K1900;1;0;Baden-Württemberg
57;51230.94;;1.0;28;K1174;1;0;Sachsen
62;64399.17;;0.0;18;K1236;1;0;Berlin
67;71626.53;;1.0;29;K1439;1;0;Bayern
35;50926.49;;1.0;35;K1702;1;0;Sachsen
51;66518.31;;1.0;22;K1240;1;0;Nordrhein-Westfalen
69;80266.52;;1.0;36;K1269;1;0;Niedersachsen
46;42528.58;;0.0;44;K1133;1;0;Nordrhein-Westfalen
63;75258.59;;0.0;50;K1888;1;0;Thüringen
44;50005.0;;0.0;23;K1298;1;0;Bayern
39;35225.3;;0.0;48;K1974;1;0;Niedersachsen
33;24242.6;;1.0;42;K1820;1;0;Berlin
42;54485.35;;1.0;33;K1630;1;0;Bayern
65;81926.5;;1.0;48;K1486;1;0;Bayern
40;51957.05;;1.0;16;K1245;1;0;Sachsen
36;47469.13;;1.0;18;K1278;1;0;Bayern
38;50640.42;;1.0;28;K1111;1;0;Bayern
51;55860.34;;1.0;44;K1823;1;0;Baden-Württemberg
66;68505.93;;0.0;37;K1790;1;0;Bayern
33;31654.71;;1.0;31;K1178;1;0;Bayern
44;54025.6;;1.0;30;K1987;1;0;Nordrhein-Westfalen
47;61371.86;;1.0;42;K1433;1;0;Bayern
33;37067.78;;1.0;47;K1558;1;0;Nordrhein-Westfalen
58;62171.39;;1.0;26;K1250;1;0;Baden-Württemberg
67;76785.42;;1.0;15;K1339;1;0;Hessen
40;35558.52;;0.0;31;K1325;1;0;Baden-Württemberg
32;20329.57;;1.0;30;K1475;1;0;Bayern
30;29694.37;;1.0;30;K1916;1;0;Niedersachsen
39;63156.46;;1.0;41;K1237;1;0;Berlin
59;71024.58;;0.0;28;K1799;1;0;Hessen
51;70533.44;;1.0;7;K1969;1;0;Baden-Württemberg
67;86403.29;;1.0;29;K1290;1;0;Hessen
47;67161.18;;1.0;36;K1146;1;0;Berlin
31;54066.71;;0.0;45;K1652;1;0;Bayern
36;29204.05;;0.0;27;K1213;1;0;Bayern
40;59102.58;;0.0;29;K1708;1;0;Bayern
69;78816.43;;0.0;61;K1161;1;0;Nordrhein-Westfalen
69;79027.08;;1.0;24;K1499;1;0;Berlin
38;66319.92;;0.0;43;K1811;1;0;Baden-Württemberg
51;71227.26;;1.0;33;K1654;1;0;Hessen
31;35916.95;;1.0;34;K1129;1;0;Bayern
38;44788.12;;1.0;22;K1456;1;0;Sachsen
65;73604.97;;1.0;45;K1534;1;0;Berlin
66;65216.98;;1.0;13;K1539;1;0;Baden-Württemberg
53;58268.38;;0.0;57;K1156;1;0;Niedersachsen
66;81322.78;;1.0;42;K1631;1;0;Thüringen
52;59034.5;;0.0;22;K1921;1;0;Berlin
46;54677.39;;0.0;37;K1674;1;0;Thüringen
44;49839.08;;1.0;31;K1369;1;0;Baden-Württemberg
53;70483.68;;1.0;18;K1541;1;0;Baden-Württemberg
70;86136.19;;0.0;39;K1718;1;0;Baden-Württemberg
41;46277.31;;1.0;14;K1798;1;0;Bayern
58;83377.64;;1.0;25;K1457;1;0;Nordrhein-Westfalen
43;38133.97;;0.0;27;K1123;1;0;Baden-Württemberg
43;61618.75;;1.0;24;K1771;1;0;Bayern
52;66931.63;;1.0;26;K1687;1;0;Baden-Württemberg
66;82714.6;;0.0;16;K1188;1;0;Nordrhein-Westfalen
40;49390.74;;1.0;51;K1166;1;0;Nordrhein-Westfalen
38;46307.32;;1.0;33;K1377;1;0;Hessen
57;84130.84;;1.0;56;K1390;1;0;Nordrhein-Westfalen
61;61255.99;;0.0;22;K1800;1;0;Niedersachsen
66;64549.9;;1.0;26;K1851;1;0;Sachsen
37;37026.7;;0.0;52;K1117;1;0;Thüringen
37;41986.48;;0.0;42;K1287;1;0;Bayern
58;63296.69;;1.0;17;K1549;1;0;Baden-Württemberg
51;67323.15;;0.0;46;K1657;1;0;Berlin
55;63084.95;;0.0;34;K1328;1;0;Baden-Württemberg
66;84640.63;;1.0;34;K1618;1;0;Berlin
57;81289.88;;0.0;31;K1733;1;0;Berlin
35;44388.75;;1.0;30;K1692;1;0;Baden-Württemberg
43;49717.8;;1.0;46;K1797;1;0;Niedersachsen
35;41206.23;;0.0;39;K1628;1;0;Sachsen
62;72706.65;;0.0;50;K1769;1;0;Nordrhein-Westfalen
54;72310.2;;1.0;35;K1281;1;0;Berlin
60;74192.86;;1.0;25;K1946;1;0;Berlin
31;40364.83;;0.0;20;K1783;1;0;Niedersachsen
62;77712.61;;0.0;29;K1268;1;0;Hessen
55;66068.48;;1.0;35;K1353;1;0;Hessen
69;78275.29;;1.0;30;K1675;1;0;Thüringen
65;75316.25;;1.0;43;K1892;1;0;Nordrhein-Westfalen
56;58982.67;;1.0;16;K1179;1;0;Bayern
38;46195.15;;1.0;26;K1218;1;0;Bayern
70;69727.41;;1.0;35;K1740;1;0;Brandenburg
66;79151.83;;1.0;35;K1606;1;0;Nordrhein-Westfalen
40;67881.4;;0.0;41;K1209;1;0;Baden-Württemberg
47;52534.52;;0.0;50;K1219;1;0;Berlin
36;41110.88;;1.0;36;K1473;1;0;Baden-Württemberg
67;75807.66;;1.0;46;K1197;1;0;Baden-Württemberg
40;39443.82;;1.0;48;K1602;1;0;Niedersachsen
68;64541.88;;0.0;31;K1194;1;0;Hessen
47;52745.13;;0.0;24;K1441;1;0;Hamburg
30;31232.14;;0.0;52;K1984;1;0;Nordrhein-Westfalen
70;83902.95;;0.0;49;K1922;1;0;Niedersachsen
45;59679.66;;0.0;25;K1933;1;0;Thüringen
32;28689.47;;0.0;41;K1648;1;0;Sachsen
44;59093.2;;1.0;34;K1653;1;0;Berlin
47;43409.22;;0.0;32;K1199;1;0;Sachsen
62;77682.56;;0.0;28;K1116;1;0;Nordrhein-Westfalen
42;34572.63;;0.0;42;K1536;1;0;Niedersachsen
66;77908.29;;1.0;41;K1148;1;0;Nordrhein-Westfalen
53;44536.67;;1.0;36;K1147;1;0;Nordrhein-Westfalen
44;48650.04;;1.0;45;K1434;1;0;Sachsen
46;52041.42;;1.0;28;K1272;1;0;Bayern
62;85386.12;;1.0;35;K1884;1;0;Baden-Württemberg
45;39956.12;;1.0;34;K1642;1;0;Baden-Württemberg
55;70713.58;;1.0;40;K1840;1;0;Berlin
30;42439.49;;1.0;49;K1604;1;0;Berlin
53;55541.96;;1.0;50;K1283;1;0;Sachsen
56;62958.24;;1.0;28;K1688;1;0;Bayern
70;76890.75;;1.0;37;K1889;1;0;Berlin
55;67803.2;;1.0;39;K1698;1;0;Baden-Württemberg
32;47052.41;;1.0;30;K1282;1;0;Nordrhein-Westfalen
59;70568.66;;1.0;43;K1749;1;0;Bayern
38;31258.41;;0.0;39;K1815;1;0;Berlin
38;42954.3;;0.0;39;K1720;1;0;Baden-Württemberg
61;84321.03;;1.0;44;K1488;1;0;Baden-Württemberg
46;60088.45;;1.0;38;K1362;1;0;Bayern
46;71444.46;;1.0;23;K1839;1;0;Niedersachsen
34;34255.88;;1.0;34;K1440;1;0;Sachsen
47;50532.95;;1.0;32;K1656;1;0;Brandenburg
63;79754.38;;1.0;42;K1120;1;0;Nordrhein-Westfalen
57;58633.97;;1.0;32;K1108;1;0;Thüringen
65;62351.09;;0.0;40;K1516;1;0;Bayern
53;72003.35;;0.0;34;K1361;1;0;Nordrhein-Westfalen
63;79995.43;;1.0;23;K1556;1;0;Hessen
35;33793.85;;1.0;41;K1578;1;0;Berlin
61;79736.85;;1.0;31;K1802;1;0;Niedersachsen
69;98883.19;;1.0;29;K1498;1;0;Hessen
68;92374.32;;0.0;44;K1327;1;0;Baden-Württemberg
70;92238.95;;1.0;38;K1611;1;0;Bayern
57;52972.58;;0.0;47;K1672;1;0;Sachsen
36;47024.3;;1.0;26;K1525;1;0;Baden-Württemberg
41;45176.52;;0.0;33;K1429;1;0;Berlin
49;52713.56;;0.0;43;K1635;1;0;Baden-Württemberg
50;43389.67;;1.0;38;K1114;1;0;Niedersachsen
69;79689.65;;1.0;51;K1354;1;0;Bayern
41;53765.36;;0.0;21;K1127;1;0;Niedersachsen
49;57703.97;;1.0;27;K1461;1;0;Berlin
65;73776.47;;1.0;33;K1326;1;0;Niedersachsen
41;56806.22;;1.0;32;K1706;1;0;Bayern
34;34204.32;;1.0;43;K1871;1;0;Nordrhein-Westfalen
59;85332.23;;1.0;21;K1979;1;0;Nordrhein-Westfalen
55;58756.75;;1.0;34;K1633;1;0;Nordrhein-Westfalen
61;81435.3;;1.0;40;K1445;1;0;Niedersachsen
39;63688.04;;1.0;20;K1848;1;0;Berlin
51;46823.72;;0.0;41;K1624;1;0;Bayern
50;67276.38;;1.0;29;K1308;1;0;Hessen
45;70632.18;;0.0;52;K1342;1;0;Sachsen
33;36719.1;;1.0;35;K1198;1;0;Nordrhein-Westfalen
66;75021.35;;1.0;27;K1835;1;0;Bayern
63;65737.35;;0.0;49;K1545;1;0;Nordrhein-Westfalen
56;66606.82;;1.0;15;K1664;1;0;Bayern
42;42036.49;;1.0;36;K1389;1;0;Bayern
64;82889.73;;0.0;44;K1289;1;0;Baden-Württemberg
55;55421.1;;0.0;29;K1896;1;0;Niedersachsen
59;59731.07;;0.0;30;K1592;1;0;Nordrhein-Westfalen
63;78072.77;;1.0;30;K1258;1;0;Bayern
65;91807.01;;1.0;45;K1180;1;0;Nordrhein-Westfalen
53;65662.15;;1.0;48;K1761;1;0;Thüringen
36;29607.14;;1.0;23;K1736;1;0;Bayern
56;70410.8;;1.0;39;K1382;1;0;Bayern
47;63119.27;;0.0;51;K1173;1;0;Bayern
42;44380.59;;1.0;30;K1930;1;0;Bayern
56;71443.22;;1.0;31;K1293;1;0;Bayern
66;66735.69;;0.0;26;K1376;1;0;Nordrhein-Westfalen
30;40283.17;;1.0;50;K1767;1;0;Baden-Württemberg
49;54140.6;;1.0;29;K1816;1;0;Baden-Württemberg
33;36224.0;;0.0;52;K1341;1;0;Baden-Württemberg
68;81230.95;;0.0;46;K1193;1;0;Hessen
57;65786.37;;1.0;43;K1862;1;0;Thüringen
43;59089.74;;0.0;29;K1222;1;0;Sachsen
39;58806.42;;1.0;55;K1230;1;0;Niedersachsen
68;80798.29;;1.0;43;K1836;1;0;Nordrhein-Westfalen
36;38942.81;;0.0;35;K1394;1;0;Nordrhein-Westfalen
36;46373.46;;0.0;36;K1343;1;0;Bayern
42;57149.5;;0.0;35;K1105;1;0;Hessen
42;52174.79;;0.0;38;K1986;1;0;Bayern
42;46178.96;;1.0;28;K1572;1;0;Hessen
34;26418.8;;0.0;45;K1932;1;0;Sachsen
41;55038.3;;1.0;41;K1500;1;0;Hessen
62;71314.98;;0.0;37;K1636;1;0;Sachsen
33;49527.66;;0.0;25;K1231;1;0;Baden-Württemberg
54;53583.85;;0.0;39;K1383;1;0;Nordrhein-Westfalen
39;56179.02;;1.0;29;K1796;1;0;Nordrhein-Westfalen
54;69210.98;;1.0;40;K1221;1;0;Nordrhein-Westfalen
33;28556.82;;1.0;52;K1333;1;0;Nordrhein-Westfalen
32;40946.28;;0.0;28;K1727;1;0;Hessen
50;56452.5;;1.0;37;K1760;1;0;Bayern
64;66775.56;;1.0;11;K1703;1;0;Berlin
51;41344.51;;0.0;24;K1621;1;0;Nordrhein-Westfalen
37;42547.27;;1.0;45;K1379;1;0;Berlin
60;59341.45;;1.0;46;K1423;1;0;Hessen
36;54638.64;;0.0;31;K1711;1;0;Sachsen
69;71732.25;;0.0;26;K1249;1;0;Hessen
47;41229.84;;1.0;32;K1739;1;0;Nordrhein-Westfalen
42;52868.09;;0.0;22;K1663;1;0;Baden-Württemberg
68;74031.33;;0.0;41;K1914;1;0;Baden-Württemberg
33;44278.57;;0.0;51;K1850;1;0;Nordrhein-Westfalen
54;71794.84;;0.0;32;K1474;1;0;Berlin
62;78050.89;;0.0;49;K1373;1;0;Baden-Württemberg
60;80978.82;;1.0;28;K1728;1;0;Nordrhein-Westfalen
45;51056.51;;1.0;33;K1412;1;0;Nordrhein-Westfalen
53;64432.7;;1.0;41;K1528;1;0;Baden-Württemberg
48;62342.15;;0.0;32;K1415;1;0;Niedersachsen
51;56363.69;;0.0;35;K1459;1;0;Hamburg
63;72396.21;;1.0;48;K1151;1;0;Niedersachsen
34;26142.98;;0.0;50;K1454;1;0;Brandenburg
67;87205.9;;1.0;47;K1476;1;0;Sachsen
58;65207.45;;0.0;27;K1584;1;0;Baden-Württemberg
39;48650.33;;1.0;45;K1681;1;0;Nordrhein-Westfalen
58;80403.6;;1.0;25;K1366;1;0;Baden-Württemberg
62;68355.77;;0.0;35;K1300;1;0;Thüringen
49;54754.53;;1.0;44;K1995;1;0;Berlin
53;59447.26;;1.0;48;K1849;1;0;Nordrhein-Westfalen
52;67687.35;;1.0;47;K1212;1;0;Baden-Württemberg
41;43844.86;;0.0;51;K1971;1;0;Niedersachsen
50;56874.93;;1.0;32;K1164;1;0;Berlin
41;45205.48;;1.0;26;K1763;1;0;Baden-Württemberg
56;66037.86;;0.0;33;K1368;1;0;Berlin
58;70704.0;;1.0;38;K1673;1;0;Hessen
32;57455.89;;0.0;42;K1205;1;0;Niedersachsen
60;78010.02;;0.0;40;K1548;1;0;Thüringen
54;54716.55;;1.0;39;K1595;1;0;Sachsen
68;74173.37;;1.0;41;K1792;1;0;Thüringen
45;56233.72;;1.0;46;K1904;1;0;Bayern
63;72230.76;;1.0;25;K1745;1;0;Nordrhein-Westfalen
63;68751.57;;1.0;39;K1274;1;0;Baden-Württemberg
63;81446.36;;0.0;12;K1284;1;0;Niedersachsen
52;63037.62;;0.0;42;K1409;1;0;Baden-Württemberg
55;63242.91;;1.0;35;K1446;1;0;Baden-Württemberg
36;49453.96;;1.0;36;K1162;1;0;Baden-Württemberg
30;46530.32;;1.0;45;K1963;1;0;Nordrhein-Westfalen
31;47601.83;;1.0;29;K1254;1;0;Hamburg
69;78663.94;;1.0;37;K1229;1;0;Niedersachsen
68;75303.56;;0.0;27;K1808;1;0;Nordrhein-Westfalen
51;57040.85;;1.0;38;K1155;1;0;Sachsen
45;44138.66;;1.0;31;K1458;1;0;Bayern
49;50246.09;;1.0;42;K1928;1;0;Sachsen
41;54152.49;;0.0;15;K1247;1;0;Berlin
70;71511.58;;0.0;47;K1575;1;0;Nordrhein-Westfalen
32;32659.51;;1.0;27;K1504;1;0;Bayern
63;74905.16;;1.0;35;K1680;1;0;Hessen
46;53575.61;;0.0;54;K1425;1;0;Hessen
32;34848.44;;0.0;24;K1124;1;0;Nordrhein-Westfalen
65;70533.06;;1.0;38;K1897;1;0;Nordrhein-Westfalen
51;53267.39;;1.0;53;K1812;1;0;Berlin
35;53193.86;;0.0;33;K1828;1;0;Thüringen
41;64926.19;;0.0;39;K1512;1;0;Hamburg
55;65102.4;;0.0;22;K1662;1;0;Bayern
53;64075.21;;0.0;36;K1143;1;0;Nordrhein-Westfalen
49;67290.6;;0.0;30;K1280;1;0;Hessen
41;35323.88;;1.0;24;K1350;1;0;Sachsen
59;63141.81;;0.0;31;K1845;1;0;Sachsen
67;78936.72;;1.0;34;K1707;1;0;Niedersachsen
51;76712.26;;1.0;36;K1873;1;0;Baden-Württemberg
44;48523.86;;1.0;54;K1869;1;0;Sachsen
37;41367.82;;0.0;31;K1259;1;0;Nordrhein-Westfalen
64;68522.84;;1.0;43;K1392;1;0;Sachsen
42;50054.07;;1.0;36;K1855;1;0;Nordrhein-Westfalen
51;64923.25;;1.0;39;K1122;1;0;Nordrhein-Westfalen
48;57701.19;;1.0;22;K1232;1;0;Nordrhein-Westfalen
38;25073.67;;0.0;44;K1427;1;0;Berlin
54;59813.59;;0.0;39;K1360;1;0;Berlin
52;55752.8;;1.0;42;K1875;1;0;Bayern
31;35492.79;;1.0;39;K1961;1;0;Nordrhein-Westfalen
69;75983.22;;0.0;47;K1295;1;0;Hessen
70;57964.51;;1.0;20;K1220;1;0;Hessen
37;38361.79;;0.0;25;K1842;1;0;Nordrhein-Westfalen
51;67445.38;;0.0;38;K1285;1;0;Bayern
41;40291.76;;1.0;40;K1406;1;0;Thüringen
45;34928.93;;1.0;14;K1784;1;0;Bayern
69;95449.9;;0.0;35;K1743;1;0;Berlin
30;44854.02;;0.0;36;K1754;1;0;Hessen
60;74006.41;;0.0;43;K1721;1;0;Bayern
67;92235.91;;1.0;29;K1701;1;0;Bayern
54;81957.21;;0.0;31;K1622;1;0;Berlin
31;31912.96;;0.0;29;K1980;1;0;Bayern
67;100322.37;;0.0;50;K1150;1;0;Bayern
47;56853.9;;1.0;43;K1912;1;0;Bayern
35;33579.07;;0.0;34;K1262;1;0;Baden-Württemberg
53;50242.76;;0.0;32;K1770;1;0;Nordrhein-Westfalen
52;58522.3;;0.0;36;K1276;1;0;Sachsen
35;35620.92;;0.0;33;K1121;1;0;Bayern
58;68324.7;;1.0;35;K1616;1;0;Bayern
44;64786.55;;1.0;56;K1153;1;0;Baden-Württemberg
32;45043.61;;0.0;17;K1967;1;0;Nordrhein-Westfalen
54;72200.31;;1.0;33;K1854;1;0;Hessen
46;61880.0;;0.0;40;K1620;1;0;Sachsen
70;97121.14;;1.0;36;K1722;1;0;Baden-Württemberg
68;91036.08;;1.0;40;K1585;1;0;Brandenburg
34;55437.45;;0.0;41;K1388;1;0;Sachsen
70;67947.51;;0.0;18;K1694;1;0;Bayern
68;67645.33;;0.0;51;K1330;1;0;Berlin
52;71199.25;;1.0;29;K1131;1;0;Berlin
34;31569.14;;1.0;58;K1953;1;0;Baden-Württemberg
45;50681.69;;1.0;41;K1542;1;0;Hessen
39;42755.06;;1.0;30;K1949;1;0;Hessen
60;61876.05;;0.0;20;K1469;1;0;Hessen
59;77392.45;;1.0;44;K1334;1;0;Hessen
35;31305.75;;1.0;27;K1142;1;0;Baden-Württemberg
66;76359.21;;0.0;22;K1962;1;0;Sachsen
59;58008.72;;1.0;35;K1479;1;0;Baden-Württemberg
31;41923.37;;1.0;33;K1574;1;0;Nordrhein-Westfalen
33;37291.98;;1.0;27;K1964;1;0;Bayern
64;80850.54;;0.0;36;K1863;1;0;Baden-Württemberg
31;24167.81;;1.0;41;K1756;1;0;Niedersachsen
46;47676.4;;1.0;55;K1299;1;0;Bayern
39;40081.02;;0.0;53;K1865;1;0;Nordrhein-Westfalen
63;84772.48;;1.0;30;K1973;1;0;Nordrhein-Westfalen
30;21238.03;;1.0;30;K1608;1;0;Berlin
54;53423.91;;0.0;36;K1966;1;0;Hamburg
49;55265.13;;1.0;57;K1846;1;0;Baden-Württemberg
65;79612.09;;0.0;34;K1684;1;0;Hessen
40;41616.57;;0.0;48;K1993;1;0;Nordrhein-Westfalen
30;54906.98;;0.0;36;K1267;1;0;Nordrhein-Westfalen
67;67953.51;;0.0;38;K1735;1;0;Niedersachsen
39;54069.63;;1.0;42;K1257;1;0;Bayern
58;68239.82;;1.0;38;K1789;1;0;Baden-Württemberg
39;47801.25;;1.0;29;K1734;1;0;Baden-Württemberg
42;54451.39;;0.0;17;K1780;1;0;Hessen
63;72872.41;;1.0;32;K1216;1;0;Brandenburg
69;77933.08;;1.0;43;K1331;1;0;Thüringen
39;39742.26;;1.0;37;K1723;1;0;Niedersachsen
48;46968.11;;1.0;16;K1208;1;0;Hessen
62;84204.71;;1.0;68;K1526;1;0;Bayern
59;64971.4;;1.0;29;K1524;1;0;Sachsen
30;25293.09;;1.0;37;K1691;1;0;Sachsen
48;57289.9;;0.0;16;K1224;1;0;Nordrhein-Westfalen
47;53602.48;;1.0;33;K1158;1;0;Nordrhein-Westfalen
62;70856.65;;1.0;40;K1256;1;0;Berlin
45;65988.52;;1.0;55;K1508;1;0;Sachsen
61;43123.9;;1.0;46;K1944;1;0;Baden-Württemberg
42;41050.16;;1.0;27;K1312;1;0;Baden-Württemberg
53;61112.06;;0.0;20;K1857;1;0;Baden-Württemberg
70;79595.02;;1.0;51;K1822;1;0;Thüringen
66;76115.95;;0.0;59;K1113;1;0;Bayern
38;29634.42;;1.0;42;K1827;1;0;Baden-Württemberg
61;62738.78;;1.0;27;K1141;1;0;Niedersachsen
68;94379.27;;1.0;35;K1557;1;0;Niedersachsen
42;67920.23;;1.0;48;K1358;1;0;Berlin
37;39083.36;;1.0;33;K1408;1;0;Baden-Württemberg
65;77272.17;;1.0;41;K1772;1;0;Berlin
50;62488.35;;1.0;12;K1676;1;0;Berlin
53;59582.22;;0.0;31;K1741;1;0;Hessen
69;64084.61;;0.0;52;K1819;1;0;Bayern
57;50717.29;;0.0;26;K1367;1;0;Nordrhein-Westfalen
62;80655.27;;1.0;35;K1715;1;0;Sachsen
46;49160.78;;0.0;39;K1402;1;0;Bayern
53;68336.2;;1.0;33;K1519;1;0;Sachsen
58;49653.39;;0.0;38;K1255;1;0;Nordrhein-Westfalen
56;72358.43;;1.0;44;K1810;1;0;Thüringen
44;67182.05;;0.0;38;K1894;1;0;Nordrhein-Westfalen
39;50353.63;;0.0;41;K1655;1;0;Hessen
36;48307.1;;1.0;16;K1593;1;0;Baden-Württemberg
31;28227.62;;1.0;33;K1252;1;0;Baden-Württemberg
59;71174.38;;1.0;49;K1251;1;0;Hessen
43;59150.94;;0.0;31;K1941;1;0;Thüringen
30;40098.98;;0.0;40;K1931;1;0;Sachsen
59;61744.01;;1.0;27;K1975;1;0;Thüringen
49;64640.81;;1.0;38;K1453;1;0;Brandenburg
48;57581.12;;0.0;57;K1568;1;0;Baden-Württemberg
61;71947.51;;1.0;33;K1430;1;0;Baden-Württemberg
37;57751.77;;1.0;24;K1291;1;0;Baden-Württemberg
56;59483.17;;0.0;53;K1228;1;0;Baden-Württemberg
68;82507.0;;1.0;24;K1864;1;0;Sachsen
65;77623.56;;0.0;41;K1713;1;0;Bayern
35;55165.48;;0.0;16;K1248;1;0;Nordrhein-Westfalen
60;70843.41;;0.0;33;K1956;1;0;Baden-Württemberg
58;68875.22;;1.0;36;K1302;1;0;Nordrhein-Westfalen
60;68566.29;;1.0;20;K1714;1;0;Berlin
42;54737.69;;0.0;37;K1384;1;0;Berlin
68;84266.91;;1.0;43;K1398;1;0;Berlin
47;68475.48;;0.0;50;K1505;1;0;Berlin
45;47805.5;;0.0;36;K1227;1;0;Berlin
68;68468.4;;0.0;43;K1288;1;0;Baden-Württemberg
50;61399.94;;0.0;16;K1307;1;0;Niedersachsen
62;80040.16;;0.0;36;K1543;1;0;Nordrhein-Westfalen
36;62517.51;;0.0;35;K1351;1;0;Nordrhein-Westfalen
54;65103.66;;0.0;37;K1520;1;0;Niedersachsen
65;72026.05;;0.0;26;K1893;1;0;Sachsen
50;38912.23;;1.0;34;K1234;1;0;Berlin
31;39505.52;;1.0;15;K1742;1;0;Hessen
35;33126.92;;1.0;23;K1507;1;0;Brandenburg
57;60794.36;;0.0;32;K1899;1;0;Bayern
58;58019.17;;1.0;42;K1794;1;0;Baden-Württemberg
50;54638.11;;1.0;45;K1915;1;0;Sachsen
54;69123.41;;0.0;56;K1324;1;0;Thüringen
55;69613.53;;1.0;46;K1746;1;0;Baden-Württemberg
44;49444.37;;1.0;27;K1917;1;0;Baden-Württemberg
42;50762.75;;1.0;14;K1777;1;0;Brandenburg
39;41453.37;;0.0;40;K1920;1;0;Niedersachsen
35;51809.93;;1.0;49;K1729;1;0;Baden-Württemberg
38;56413.98;;0.0;43;K1960;1;0;Bayern
67;71829.76;;1.0;23;K1785;1;0;Baden-Württemberg
67;64683.27;;0.0;22;K1491;1;0;Berlin
38;60883.5;;1.0;41;K1968;1;0;Thüringen
56;82205.14;;0.0;43;K1614;1;0;Hamburg
44;47045.73;;1.0;38;K1372;1;0;Nordrhein-Westfalen
48;84746.79;;1.0;36;K1837;1;0;Bayern
36;43538.46;;1.0;26;K1546;1;0;Hessen
57;72995.73;;1.0;43;K1601;1;0;Niedersachsen
48;70707.74;;1.0;35;K1217;1;0;Sachsen
42;48260.29;;0.0;41;K1337;1;0;Sachsen
56;76155.67;;1.0;29;K1879;1;0;Baden-Württemberg
40;26846.54;;1.0;41;K1712;1;0;Bayern
60;76138.01;;0.0;36;K1776;1;0;Sachsen
63;66691.27;;1.0;52;K1478;1;0;Bayern
35;35044.7;;1.0;47;K1977;1;0;Sachsen
47;55621.02;;0.0;35;K1856;1;0;Baden-Württemberg
60;67687.57;;1.0;33;K1338;1;0;Hessen
68;70848.87;;1.0;33;K1911;1;0;Brandenburg
53;79245.22;;1.0;31;K1781;1;0;Bayern
55;58431.49;;1.0;46;K1422;1;0;Nordrhein-Westfalen
63;74594.05;;0.0;28;K1753;1;0;Niedersachsen
30;44635.68;;0.0;32;K1515;1;0;Berlin
41;49170.38;;1.0;36;K1903;1;0;Baden-Württemberg
68;78649.11;;0.0;37;K1463;1;0;Nordrhein-Westfalen
31;43375.75;;1.0;38;K1363;1;0;Thüringen
44;68126.65;;0.0;24;K1732;1;0;Bayern
44;55445.95;;0.0;45;K1737;1;0;Bayern
66;79203.83;;1.0;37;K1387;1;0;Sachsen
39;59913.35;;0.0;29;K1481;1;0;Bayern
39;51488.13;;0.0;14;K1489;1;0;Bayern
43;53219.97;;1.0;40;K1329;1;0;Brandenburg
50;50945.52;;0.0;45;K1951;1;0;Baden-Württemberg
45;52765.76;;0.0;42;K1833;1;0;Hamburg
53;53443.31;;1.0;39;K1577;1;0;Nordrhein-Westfalen
35;31856.08;;1.0;56;K1452;1;0;Nordrhein-Westfalen
47;49585.99;;1.0;42;K1610;1;0;Bayern
49;63443.37;;1.0;32;K1744;1;0;Baden-Württemberg
41;49634.23;;1.0;65;K1983;1;0;Berlin
30;31802.09;;1.0;38;K1929;1;0;Hessen
58;52544.55;;1.0;16;K1908;1;0;Niedersachsen
31;34124.06;;1.0;33;K1724;1;0;Sachsen
30;58746.83;;1.0;32;K1866;1;0;Bayern
34;50643.74;;0.0;29;K1750;1;0;Bayern
62;63231.82;;1.0;35;K1859;1;0;Hessen
34;45507.99;;1.0;39;K1661;1;0;Nordrhein-Westfalen
59;85252.0;;1.0;26;K1955;1;0;Berlin
39;50013.89;;1.0;31;K1682;1;0;Nordrhein-Westfalen
36;43526.39;;1.0;46;K1190;1;0;Sachsen
62;59572.99;;1.0;18;K1347;1;0;Baden-Württemberg
55;62382.86;;1.0;41;K1803;1;0;Nordrhein-Westfalen
48;59163.82;;0.0;41;K1264;1;0;Berlin
50;73917.25;;1.0;52;K1629;1;0;Bayern
46;63048.01;;1.0;31;K1140;1;0;Berlin
57;54319.92;;1.0;53;K1645;1;0;Brandenburg
38;45342.45;;1.0;40;K1275;1;0;Berlin
52;68579.74;;0.0;24;K1759;1;0;Berlin
43;60901.04;;0.0;52;K1891;1;0;Hessen
48;65433.98;;0.0;36;K1860;1;0;Sachsen
57;64092.32;;1.0;36;K1943;1;0;Nordrhein-Westfalen
54;74220.58;;1.0;45;K1200;1;0;Nordrhein-Westfalen
59;56608.27;;1.0;49;K1668;1;0;Bayern
58;78517.61;;1.0;24;K1345;1;0;Baden-Württemberg
40;49709.41;;1.0;20;K1679;1;0;Thüringen
32;36992.28;;1.0;26;K1795;1;0;Hamburg
66;67550.85;;1.0;18;K1565;1;0;Sachsen
56;66602.0;;1.0;55;K1658;1;0;Thüringen
35;48822.83;;0.0;21;K1885;1;0;Baden-Württemberg
35;50251.18;;0.0;39;K1311;1;0;Nordrhein-Westfalen
46;44087.58;;1.0;32;K1497;1;0;Nordrhein-Westfalen
69;84659.69;;0.0;32;K1502;1;0;Baden-Württemberg
38;46151.09;;1.0;18;K1861;1;0;Niedersachsen
39;56023.57;;1.0;59;K1322;1;0;Baden-Württemberg
43;53592.01;;0.0;31;K1109;1;0;Nordrhein-Westfalen
36;46292.65;;1.0;42;K1747;1;0;Baden-Württemberg
51;53493.22;;0.0;57;K1902;1;0;Niedersachsen
47;63291.36;;1.0;46;K1717;1;0;Baden-Württemberg
62;74418.18;;0.0;30;K1843;1;0;Bayern
62;80098.84;;1.0;37;K1651;1;0;Sachsen
36;22706.33;;0.0;35;K1830;1;0;Baden-Württemberg
64;80694.14;;0.0;20;K1788;1;0;Baden-Württemberg
57;69354.04;;1.0;51;K1203;1;0;Thüringen
34;37661.69;;1.0;28;K1832;1;0;Bayern
49;70657.9;;0.0;47;K1678;1;0;Nordrhein-Westfalen
68;82209.9;;0.0;36;K1511;1;0;Nordrhein-Westfalen
49;67813.53;;0.0;44;K1607;1;0;Niedersachsen
69;69862.2;;1.0;44;K1152;1;0;Hessen
57;68849.42;;0.0;30;K1137;1;0;Berlin
58;64187.77;;0.0;42;K1305;1;0;Bayern
59;63241.9;;1.0;33;K1239;1;0;Berlin
58;81205.21;;1.0;46;K1132;1;0;Hessen
42;48307.88;;1.0;41;K1952;1;0;Berlin
41;51201.01;;1.0;28;K1335;1;0;Berlin
38;60020.88;;0.0;25;K1594;1;0;Niedersachsen
49;51392.5;;0.0;40;K1483;1;0;Baden-Württemberg
68;75570.02;;1.0;35;K1393;1;0;Berlin
58;74947.01;;0.0;47;K1523;1;0;Nordrhein-Westfalen
53;65983.03;;0.0;48;K1779;1;0;Baden-Württemberg
66;80806.38;;1.0;22;K1496;1;0;Bayern
44;60135.62;;1.0;50;K1697;1;0;Bayern
62;70449.09;;0.0;24;K1603;1;0;Niedersachsen
70;87311.65;;0.0;46;K1243;1;0;Berlin
51;43966.82;;1.0;51;K1167;1;0;Nordrhein-Westfalen
40;50404.68;;1.0;39;K1576;1;0;Baden-Württemberg
30;37308.87;;0.0;30;K1752;1;0;Berlin
57;77750.95;;0.0;25;K1233;1;0;Bayern
39;45047.55;;0.0;28;K1972;1;0;Nordrhein-Westfalen
34;33066.52;;0.0;34;K1625;1;0;Baden-Württemberg
58;57893.55;;1.0;38;K1169;1;0;Hessen
60;63515.36;;1.0;44;K1119;1;0;Nordrhein-Westfalen
62;77583.36;;0.0;18;K1261;1;0;Berlin
56;41843.15;;0.0;40;K1145;1;0;Berlin
30;40182.21;;0.0;32;K1597;1;0;Nordrhein-Westfalen
47;58432.85;;0.0;22;K1484;1;0;Baden-Württemberg
66;77161.38;;0.0;15;K1292;1;0;Baden-Württemberg
38;47188.89;;0.0;41;K1868;1;0;Bayern
41;49550.97;;0.0;31;K1321;1;0;Baden-Württemberg
30;30096.84;;0.0;8;K1157;1;0;Thüringen
45;48971.42;;0.0;55;K1442;1;0;Nordrhein-Westfalen
42;35264.29;;1.0;42;K1853;1;0;Baden-Württemberg
47;51429.79;;0.0;24;K1824;1;0;Nordrhein-Westfalen
48;73148.25;;1.0;40;K1829;1;0;Sachsen
51;69768.66;;0.0;32;K1400;1;0;Hessen
46;66328.14;;1.0;20;K1806;1;0;Berlin
70;66260.03;;0.0;43;K1356;1;0;Nordrhein-Westfalen
45;50109.83;;0.0;25;K1831;1;0;Baden-Württemberg
46;57509.97;;1.0;43;K1566;1;0;Hamburg
58;69209.45;;0.0;34;K1560;1;0;Nordrhein-Westfalen
67;81521.76;;1.0;21;K1992;1;0;Baden-Württemberg
49;60350.98;;1.0;35;K1374;1;0;Baden-Württemberg
42;53357.53;;1.0;47;K1306;1;0;Berlin
56;61601.84;;1.0;48;K1266;1;0;Bayern
62;65956.22;;1.0;22;K1660;1;0;Berlin
30;45591.21;;1.0;26;K1834;1;0;Hessen
48;43655.93;;0.0;41;K1506;1;0;Nordrhein-Westfalen
59;56316.93;;0.0;35;K1807;1;0;Niedersachsen
68;84969.4;;1.0;24;K1581;1;0;Berlin
36;43724.72;;1.0;43;K1876;1;0;Nordrhein-Westfalen
69;65999.38;;0.0;44;K1210;1;0;Bayern
43;53630.87;;1.0;54;K1670;1;0;Baden-Württemberg
63;81611.75;;1.0;38;K1494;1;0;Hessen
34;43358.56;;1.0;33;K1106;1;0;Berlin
52;54508.69;;0.0;30;K1937;1;0;Nordrhein-Westfalen
53;68187.64;;0.0;35;K1666;1;0;Baden-Württemberg
37;56717.59;;0.0;40;K1185;1;0;Bayern
39;40996.11;;1.0;28;K1310;1;0;Hessen
59;61880.0;;0.0;35;K1139;1;0;Bayern
70;72700.32;;1.0;48;K1880;1;0;Nordrhein-Westfalen
60;78633.97;;0.0;41;K1613;1;0;Nordrhein-Westfalen
64;67710.18;;1.0;43;K1532;1;0;Nordrhein-Westfalen
40;54688.48;;1.0;43;K1559;1;0;Baden-Württemberg
36;49200.62;;1.0;58;K1471;1;0;Berlin
43;37696.63;;1.0;7;K1196;1;0;Niedersachsen
54;71635.44;;1.0;46;K1444;1;0;Baden-Württemberg
64;59961.79;;1.0;48;K1669;1;0;Hessen
41;38375.78;;0.0;25;K1450;1;0;Thüringen
35;51044.09;;1.0;21;K1881;1;0;Sachsen
40;54037.31;;0.0;19;K1346;1;0;Nordrhein-Westfalen
46;65112.43;;0.0;54;K1118;1;0;Bayern
70;69099.94;;0.0;24;K1420;1;0;Sachsen
65;77311.97;;0.0;28;K1705;1;0;Nordrhein-Westfalen
35;34180.68;;1.0;26;K1492;1;0;Niedersachsen
52;66521.78;;1.0;47;K1378;1;0;Nordrhein-Westfalen
34;34322.45;;1.0;17;K1271;1;0;Sachsen
37;39509.39;;0.0;34;K1988;1;0;Baden-Württemberg
40;55845.12;;1.0;26;K1751;1;0;Berlin
63;78156.47;;1.0;27;K1923;1;0;Nordrhein-Westfalen
35;47150.77;;1.0;12;K1589;1;0;Berlin
31;26466.44;;1.0;40;K1978;1;0;Thüringen
32;40776.02;;1.0;13;K1609;1;0;Berlin
60;65588.4;;0.0;38;K1936;1;0;Bayern
58;60418.97;;1.0;55;K1348;1;0;Nordrhein-Westfalen
41;45567.3;;0.0;35;K1671;1;0;Baden-Württemberg
32;35272.93;;0.0;30;K1667;1;0;Nordrhein-Westfalen
46;70647.17;;0.0;52;K1791;1;0;Bayern
57;77462.13;;1.0;27;K1294;1;0;Bayern
60;54229.97;;1.0;50;K1887;1;0;Hessen
30;42931.67;;1.0;34;K1804;1;0;Nordrhein-Westfalen
36;44077.96;;0.0;25;K1580;1;0;Nordrhein-Westfalen
30;52892.24;;1.0;33;K1786;1;0;Baden-Württemberg
46;65676.47;;1.0;20;K1615;1;0;Baden-Württemberg
52;49271.15;;1.0;31;K1163;1;0;Niedersachsen
55;60312.34;;1.0;26;K1579;1;0;Bayern
43;49469.83;;1.0;31;K1665;1;0;Berlin
33;49675.88;;0.0;36;K1852;1;0;Hamburg
63;60048.62;;0.0;33;K1357;1;0;Berlin
65;86000.22;;0.0;39;K1126;1;0;Bayern
67;85349.59;;0.0;35;K1418;1;0;Baden-Württemberg
42;55437.14;;0.0;37;K1564;1;0;Brandenburg
61;74660.13;;1.0;36;K1265;1;0;Bayern
43;63300.07;;0.0;44;K1381;1;0;Berlin
63;67502.37;;1.0;32;K1296;1;0;Nordrhein-Westfalen
40;41373.85;;0.0;50;K1490;1;0;Thüringen
39;41160.41;;0.0;37;K1910;1;0;Baden-Württemberg
66;89744.99;;0.0;37;K1518;1;0;Bayern
62;70988.45;;0.0;38;K1596;1;0;Niedersachsen
60;62735.46;;0.0;28;K1448;1;0;Baden-Württemberg
70;84240.32;;1.0;30;K1874;1;0;Hamburg
46;64231.46;;1.0;52;K1413;1;0;Bayern
47;55129.66;;0.0;33;K1766;1;0;Bayern
43;59104.51;;1.0;62;K1235;1;0;Niedersachsen
59;73522.01;;1.0;26;K1768;1;0;Hamburg
51;46979.79;;1.0;43;K1976;1;0;Hamburg
34;50082.23;;1.0;19;K1204;1;0;Baden-Württemberg
49;61221.78;;1.0;35;K1477;1;0;Nordrhein-Westfalen
57;74592.8;;0.0;38;K1192;1;0;Sachsen
68;86843.34;;1.0;28;K1563;1;0;Berlin
61;72725.19;;1.0;28;K1435;1;0;Berlin
32;31562.65;;1.0;52;K1319;1;0;Baden-Württemberg
37;44541.7;;0.0;34;K1571;1;0;Niedersachsen
44;61848.47;;1.0;22;K1226;1;0;Baden-Württemberg
53;64184.29;;0.0;33;K1719;1;0;Brandenburg
41;41970.76;;1.0;20;K1125;1;0;Hamburg
31;47827.72;;1.0;20;K1805;1;0;Hessen
37;41292.54;;0.0;33;K1176;1;0;Niedersachsen
32;34391.82;;1.0;48;K1211;1;0;Hessen
41;68516.5;;0.0;34;K1375;1;0;Sachsen
65;89685.33;;0.0;23;K1965;1;0;Bayern
68;95714.31;;0.0;32;K1540;1;0;Bayern
49;73319.19;;0.0;27;K1207;1;0;Niedersachsen
